,Safety Index,Health Care Index,Cost of Living Index,Pollution Index,Year,City,Country,Continent
0,86.8355995055624,48.517838405036755,74.98118414450576,65.4567847569369,2016,"Abu Dhabi, United Arab Emirates",United Arab Emirates,Asia
1,88.31891223733005,50.682056663168964,72.16507777220271,65.92769687749039,2017,"Abu Dhabi, United Arab Emirates",United Arab Emirates,Asia
2,90.64276885043265,55.49580272822665,72.78600100351228,68.29674708396726,2018,"Abu Dhabi, United Arab Emirates",United Arab Emirates,Asia
3,93.93077873918415,64.29695697796433,74.24736578023081,70.98456857204955,2019,"Abu Dhabi, United Arab Emirates",United Arab Emirates,Asia
4,91.23609394313965,37.119622245540405,74.47315604616156,57.74107078171411,2015,"Abu Dhabi, United Arab Emirates",United Arab Emirates,Asia
5,65.14215080346105,69.18940188877231,59.583542398394364,90.09635586466707,2018,"Adelaide, Australia",Australia,Oceania
6,67.73794808405438,71.4585519412382,71.2180130456598,91.16134173730349,2019,"Adelaide, Australia",Australia,Oceania
7,57.552533992583434,61.490031479538295,64.68263923733065,86.53191335216982,2016,"Adelaide, Australia",Australia,Oceania
8,55.62422744128554,56.492654774396655,51.505268439538355,88.4880098529305,2015,"Adelaide, Australia",Australia,Oceania
9,56.41532756489492,47.91448058761807,37.6317109884596,96.25443744113599,2013,"Adelaide, Australia",Australia,Oceania
10,65.80964153275649,70.26495278069257,63.202458605117904,89.48779250887488,2017,"Adelaide, Australia",Australia,Oceania
11,56.00741656365885,54.2890870933893,48.85850476668338,86.5826269651525,2014,"Adelaide, Australia",Australia,Oceania
12,23.36217552533993,63.628016789087106,72.30933266432513,90.41512714627257,2018,"Albuquerque, NM, United States",United States,North America
13,22.65760197775031,68.86149003147955,73.26894129453083,89.08208360501341,2019,"Albuquerque, NM, United States",United States,North America
14,46.60074165636589,63.96904512067157,78.95760160561966,48.982105339418965,2016,"Amman, Jordan",Jordan,Asia
15,48.41779975278121,63.73294858342079,74.25363773206222,47.30855611099036,2015,"Amman, Jordan",Jordan,Asia
16,52.11372064276885,68.0351521511018,74.77420973406925,46.31601825690068,2017,"Amman, Jordan",Jordan,Asia
17,56.06922126081581,61.726128016789104,77.93527345709985,48.496703615156115,2019,"Amman, Jordan",Jordan,Asia
18,55.587144622991325,67.31374606505773,76.86276969392874,47.63457219445046,2018,"Amman, Jordan",Jordan,Asia
19,45.352286773794795,69.51731374606507,73.43828399397894,49.43128305440847,2014,"Amman, Jordan",Jordan,Asia
20,62.89245982694685,62.57869884575028,65.68615153035624,77.22234296891979,2016,"Amsterdam, Netherlands",Netherlands,Europe
21,64.87021013597031,66.9202518363064,62.80732563973909,83.1196116786206,2019,"Amsterdam, Netherlands",Netherlands,Europe
22,66.5265760197775,58.90608604407136,58.22252885097842,80.62739984061436,2015,"Amsterdam, Netherlands",Netherlands,Europe
23,67.19406674907293,69.59601259181535,64.60737581535373,82.17054263565892,2017,"Amsterdam, Netherlands",Netherlands,Europe
24,65.87144622991346,69.11070304302204,57.62669342699448,83.60501340288343,2018,"Amsterdam, Netherlands",Netherlands,Europe
25,59.22126081582199,29.839979013641138,83.19116909182138,46.64927914221546,2014,"Ankara, Turkey",Turkey,Asia
26,73.53522867737948,65.58237145855195,74.86201705970899,48.199666739114676,2013,"Ankara, Turkey",Turkey,Asia
27,54.52410383189121,66.22507869884575,90.12167586552937,52.19155256103746,2017,"Ankara, Turkey",Turkey,Asia
28,53.79480840543882,65.83158447009443,87.6881585549423,52.04665652394407,2018,"Ankara, Turkey",Turkey,Asia
29,50.40791100123611,61.89664218258133,85.92574009031608,57.226689850032606,2016,"Ankara, Turkey",Turkey,Asia
30,56.37824474660072,62.001573976915004,92.02834922227795,53.55357530971528,2019,"Ankara, Turkey",Turkey,Asia
31,58.88751545117428,56.96484784889822,83.27897641746111,48.5039484170108,2015,"Ankara, Turkey",Turkey,Asia
32,64.14091470951793,75.41972717733474,68.26392373306572,61.74744620734622,2019,"Antwerp, Belgium",Belgium,Europe
33,44.79604449938195,39.40188877229801,76.78123432012042,56.53843367383902,2017,"Athens, Greece",Greece,Europe
34,42.78121137206428,38.32633788037776,59.12568991470146,62.07346229080634,2014,"Athens, Greece",Greece,Europe
35,46.22991347342397,41.146379853095496,72.97415955845459,59.95798014924291,2018,"Athens, Greece",Greece,Europe
36,47.330037082818286,43.25813221406088,78.411941796287,59.95798014924291,2016,"Athens, Greece",Greece,Europe
37,33.16440049443757,41.93336831059811,49.85574510787757,3.9846410200681115,2012,"Athens, Greece",Greece,Europe
38,48.02224969097651,45.47481636935994,76.9631209232313,63.21089618198942,2019,"Athens, Greece",Greece,Europe
39,36.42768850432632,34.614375655823714,55.939538384345205,53.40867927262189,2013,"Athens, Greece",Greece,Europe
40,45.01854140914709,38.50996852046171,69.3301555444054,63.29058900239079,2015,"Athens, Greece",Greece,Europe
41,28.368355995055623,67.5367261280168,66.05619668840943,65.4785191625009,2016,"Atlanta, GA, United States",United States,North America
42,33.49814585908529,64.0083945435467,66.05619668840943,50.57596174744622,2015,"Atlanta, GA, United States",United States,North America
43,27.156983930778733,58.630640083945465,66.51404917210236,69.37622256031297,2018,"Atlanta, GA, United States",United States,North America
44,27.37948084054388,60.21773347324239,65.81159056698444,65.8552488589437,2017,"Atlanta, GA, United States",United States,North America
45,28.838071693448697,58.35519412381952,68.21374811841444,73.02760269506629,2019,"Atlanta, GA, United States",United States,North America
46,51.10012360939432,65.58237145855195,60.91319618665328,84.71346808664785,2017,"Auckland, New Zealand",New Zealand,Oceania
47,50.18541409147096,68.94018887722983,53.17360762669343,86.96660146344999,2015,"Auckland, New Zealand",New Zealand,Oceania
48,50.630407911001214,72.38982161594964,65.25338685398896,84.67724407737448,2019,"Auckland, New Zealand",New Zealand,Oceania
49,54.239802224969104,72.25865687303255,63.120923231309575,83.25001811200464,2016,"Auckland, New Zealand",New Zealand,Oceania
50,50.346106304079115,69.56977964323191,59.01279478173606,84.97428095341594,2018,"Auckland, New Zealand",New Zealand,Oceania
51,46.46477132262051,68.74344176285415,46.080030105368785,84.38745200318772,2014,"Auckland, New Zealand",New Zealand,Oceania
52,45.21631644004943,68.37618048268625,41.65830406422478,80.21444613489821,2013,"Auckland, New Zealand",New Zealand,Oceania
53,64.56118665018539,67.99580272822665,67.07852483692925,79.0842570455698,2017,"Austin, TX, United States",United States,North America
54,64.72187886279357,66.71038824763905,69.66884094330155,78.62783452872564,2019,"Austin, TX, United States",United States,North America
55,54.9567367119901,70.6846799580273,60.71876567987958,79.9101644570021,2013,"Austin, TX, United States",United States,North America
56,56.5389369592089,73.28174186778595,69.48695434019066,71.78874157791785,2016,"Austin, TX, United States",United States,North America
57,56.36588380716934,76.23294858342081,64.45057701956847,73.67963486198653,2015,"Austin, TX, United States",United States,North America
58,64.69715698393077,72.02256033578175,68.08830908178625,81.06208795189451,2018,"Austin, TX, United States",United States,North America
59,74.42521631644004,22.23242392444911,93.89739086803812,45.66398608998043,2018,"Baku, Azerbaijan",Azerbaijan,Europe
60,73.53522867737948,21.196222455403994,95.60336176618164,42.60667970731,2017,"Baku, Azerbaijan",Azerbaijan,Europe
61,71.10012360939429,22.494753410283312,94.91344706472654,47.72150981670652,2019,"Baku, Azerbaijan",Azerbaijan,Europe
62,51.532756489493195,82.01731374606506,83.00301053687906,52.314714192566825,2016,"Bangkok, Thailand",Thailand,Asia
63,50.93943139678615,77.12486883525709,78.88233818364273,51.90900528870535,2019,"Bangkok, Thailand",Thailand,Asia
64,62.86773794808404,100.0,76.16658304064225,50.88748822719698,2013,"Bangkok, Thailand",Thailand,Asia
65,47.46600741656364,81.89926547743967,82.39463120923232,53.046439179888424,2017,"Bangkok, Thailand",Thailand,Asia
66,52.44746600741654,95.57974816369362,76.61189162067234,40.20865029341447,2012,"Bangkok, Thailand",Thailand,Asia
67,60.58096415327565,92.37932843651629,80.4126944305068,47.15641527204231,2014,"Bangkok, Thailand",Thailand,Asia
68,49.320148331273174,81.46642182581324,78.54365278474661,51.55400999782657,2018,"Bangkok, Thailand",Thailand,Asia
69,63.36217552533992,87.48688352570831,80.85800301053688,47.86640585379989,2015,"Bangkok, Thailand",Thailand,Asia
70,56.22991347342398,50.82633788037776,58.040642247867524,50.45280011591682,2013,"Barcelona, Spain",Spain,Europe
71,58.47960444993818,69.87145855194125,75.1944305067737,55.11120770846917,2017,"Barcelona, Spain",Spain,Europe
72,55.83436341161928,66.93336831059814,74.10938283993978,53.995508222850106,2016,"Barcelona, Spain",Spain,Europe
73,55.43881334981458,65.25445960125919,70.29603612644254,52.40889661667753,2015,"Barcelona, Spain",Spain,Europe
74,50.828182941903584,68.50734522560337,69.78800802809836,54.81417083242773,2018,"Barcelona, Spain",Spain,Europe
75,54.64771322620518,72.98006295907659,75.77772202709481,57.71933637615011,2019,"Barcelona, Spain",Spain,Europe
76,56.97156983930778,65.62172088142708,62.02333166081284,54.01724262841411,2014,"Barcelona, Spain",Spain,Europe
77,56.00741656365885,60.821091290661094,82.85248369292523,37.81786568137361,2017,"Beijing, China",China,Asia
78,62.27441285537701,47.00944386149004,81.30331159056699,40.867927262189376,2016,"Beijing, China",China,Asia
79,51.14956736711989,53.567681007345236,80.3123432012042,35.10106498587264,2015,"Beijing, China",China,Asia
80,42.23733003708281,57.14847848898215,86.12017059708981,41.143229732666825,2019,"Beijing, China",China,Asia
81,48.046971569839286,58.26337880377756,84.62744606121424,38.832137941027305,2018,"Beijing, China",China,Asia
82,51.79233621755253,64.3887722980063,75.64601103863522,39.86814460624503,2019,"Beirut, Lebanon",Lebanon,Asia
83,50.67985166872682,45.18625393494229,64.69518314099346,39.46243570238354,2013,"Beirut, Lebanon",Lebanon,Asia
84,45.71075401730532,57.332109129066104,67.36076266934269,41.476490617981604,2014,"Beirut, Lebanon",Lebanon,Asia
85,46.69962917181704,62.95907660020987,73.22503763171099,42.1140331811925,2017,"Beirut, Lebanon",Lebanon,Asia
86,42.632880098887505,66.25131164742919,69.71901655795283,39.02050278924872,2015,"Beirut, Lebanon",Lebanon,Asia
87,44.26452410383189,68.49422875131165,71.90792774711491,38.04245453886836,2016,"Beirut, Lebanon",Lebanon,Asia
88,45.79728059332509,65.18887722980064,72.74836929252383,39.99130623777439,2018,"Beirut, Lebanon",Lebanon,Asia
89,65.38936959208898,17.85152151101784,55.34370296036126,100.0,2013,"Belfast, United Kingdom",United Kingdom,Europe
90,86.885043263288,85.55876180482689,15.35373808329152,91.80612910236906,2013,"Bergen, Norway",Norway,Europe
91,88.0469715698393,91.395592864638,25.708730556949305,94.4070129681953,2014,"Bergen, Norway",Norway,Europe
92,56.847960444993824,72.90136411332634,66.921726041144,75.47634572194451,2018,"Berlin, Germany",Germany,Europe
93,62.10135970333745,77.36096537250789,73.28148519819365,74.87502716800695,2017,"Berlin, Germany",Germany,Europe
94,67.25587144622989,72.50786988457503,66.6708479678876,84.68448887922915,2015,"Berlin, Germany",Germany,Europe
95,58.281829419035844,66.30377754459602,70.49673858504768,75.97623704991669,2019,"Berlin, Germany",Germany,Europe
96,79.48084054388133,59.142182581322146,57.67686904164576,76.43265956676085,2012,"Berlin, Germany",Germany,Europe
97,59.85166872682324,73.8588667366212,71.92674360260914,77.84539592842137,2016,"Berlin, Germany",Germany,Europe
98,77.601977750309,60.02098635886675,61.97315604616156,85.1988698109107,2013,"Berlin, Germany",Germany,Europe
99,73.18912237330036,69.98950682056665,60.530607124937276,85.0974425849453,2014,"Berlin, Germany",Germany,Europe
100,66.87268232385661,75.06558237145856,58.93753135975915,88.05332174165035,2018,"Boston, MA, United States",United States,North America
101,56.650185414091474,78.52833158447011,57.482438534872045,87.23465913207274,2015,"Boston, MA, United States",United States,North America
102,63.300370828182935,70.39611752360966,57.46362267937781,87.60414402666088,2017,"Boston, MA, United States",United States,North America
103,57.19406674907293,76.49527806925502,50.20697441043652,97.08758965442296,2013,"Boston, MA, United States",United States,North America
104,66.44004944375773,73.29485834207766,61.67837431008529,87.08976309497935,2019,"Boston, MA, United States",United States,North America
105,58.20766378244747,77.78069254984261,60.4114400401405,87.34333115989277,2016,"Boston, MA, United States",United States,North America
106,59.54264524103832,78.21353620146905,55.2433517310587,87.5968992248062,2014,"Boston, MA, United States",United States,North America
107,65.42645241038318,55.50891920251837,82.3256397390868,73.41157719336375,2016,"Bratislava, Slovakia",Slovakia,Europe
108,64.9567367119901,44.818992654774405,79.41545408931259,72.85372745055423,2015,"Bratislava, Slovakia",Slovakia,Europe
109,70.79110012360937,57.09601259181533,83.68038133467134,75.05614721437368,2017,"Bratislava, Slovakia",Slovakia,Europe
110,70.06180469715697,50.695173137460664,83.17862518815855,71.87567920017385,2019,"Bratislava, Slovakia",Slovakia,Europe
111,64.9938195302843,52.46589716684157,69.40541896638233,80.84474389625443,2013,"Bratislava, Slovakia",Slovakia,Europe
112,69.5550061804697,56.97796432318994,79.89212242849975,74.95471998840831,2018,"Bratislava, Slovakia",Slovakia,Europe
113,64.38813349814585,79.99737670514166,61.9982438534872,88.69086430486126,2018,"Brisbane, Australia",Australia,Oceania
114,60.21013597033374,76.15424973767053,53.644004014049166,90.22676229805114,2015,"Brisbane, Australia",Australia,Oceania
115,65.09270704573547,81.96484784889822,69.76919217260411,90.34267912772587,2019,"Brisbane, Australia",Australia,Oceania
116,43.69592088998763,87.08027282266526,36.408680381334655,81.86626095776279,2012,"Brisbane, Australia",Australia,Oceania
117,62.83065512978985,78.44963273871984,65.54189663823382,90.01666304426573,2016,"Brisbane, Australia",Australia,Oceania
118,62.95426452410382,78.64637985309551,63.484696437531355,89.69064696080562,2017,"Brisbane, Australia",Australia,Oceania
119,50.828182941903584,90.72665267576076,32.61414952333165,90.58900239078459,2013,"Brisbane, Australia",Australia,Oceania
120,61.32262051915944,72.7046169989507,46.80757651781235,90.6831848148953,2014,"Brisbane, Australia",Australia,Oceania
121,36.996291718170575,84.35204616998952,41.63321625689913,40.20865029341447,2012,"Brussels, Belgium",Belgium,Europe
122,46.427688504326326,76.65267576075551,66.21299548419468,60.12461059190031,2019,"Brussels, Belgium",Belgium,Europe
123,42.16316440049443,70.80272822665269,55.34997491219266,56.11823516626818,2015,"Brussels, Belgium",Belgium,Europe
124,44.06674907292953,76.95435466946485,61.06999498243854,59.55951604723611,2018,"Brussels, Belgium",Belgium,Europe
125,40.074165636588376,74.43599160545645,63.94254892122429,54.35774831558357,2016,"Brussels, Belgium",Belgium,Europe
126,41.001236093943135,80.83683105981112,47.058454591068745,63.46446424690285,2013,"Brussels, Belgium",Belgium,Europe
127,44.01730531520396,66.68415529905563,48.41946813848469,56.9006737665725,2014,"Brussels, Belgium",Belgium,Europe
128,40.098887515451175,75.35414480587619,65.96211741093828,58.34963413750634,2017,"Brussels, Belgium",Belgium,Europe
129,68.07169344870209,40.07082896117525,80.84545910687406,38.28153300007246,2014,"Bucharest, Romania",Romania,Europe
130,71.79233621755253,45.907660020986356,85.69994982438534,53.19133521698181,2018,"Bucharest, Romania",Romania,Europe
131,71.74289245982693,41.74973767051417,89.36276969392875,53.77091936535536,2017,"Bucharest, Romania",Romania,Europe
132,73.20148331273177,44.55666316894019,88.69794279979929,51.894515684996,2019,"Bucharest, Romania",Romania,Europe
133,70.08652657601975,42.982686253934965,90.06522829904665,52.96674635948707,2016,"Bucharest, Romania",Romania,Europe
134,66.19283065512978,42.40556138509969,79.71023582538886,38.86836195030065,2013,"Bucharest, Romania",Romania,Europe
135,72.73176761433868,46.760230849947526,79.67887606623181,3.4702600883865813,2012,"Bucharest, Romania",Romania,Europe
136,68.83807169344871,41.59233997901365,85.44279979929755,50.307904078823434,2015,"Bucharest, Romania",Romania,Europe
137,59.99999999999999,37.972193074501575,75.08153537380832,65.49300876621024,2014,"Budapest, Hungary",Hungary,Europe
138,56.1186650185414,45.69779643231901,81.45383843452082,67.68093892632037,2015,"Budapest, Hungary",Hungary,Europe
139,65.24103831891222,53.384050367261295,75.1317109884596,59.9145113381149,2013,"Budapest, Hungary",Hungary,Europe
140,61.80469715698392,39.44123819517314,81.54791771199197,65.87698326450771,2018,"Budapest, Hungary",Hungary,Europe
141,62.36093943139679,35.362014690451204,84.95985950827897,67.20278200391219,2019,"Budapest, Hungary",Hungary,Europe
142,70.60568603213844,59.142182581322146,72.37832413447066,40.02753024704774,2012,"Budapest, Hungary",Hungary,Europe
143,56.66254635352286,42.143231899265494,86.84771700953337,67.23900601318553,2016,"Budapest, Hungary",Hungary,Europe
144,59.72805933250926,43.717208814270734,86.00100351229301,67.4853292762443,2017,"Budapest, Hungary",Hungary,Europe
145,45.89616810877625,74.79013641133264,67.33567486201706,30.428167789610953,2012,"Buenos Aires, Argentina",Argentina,South America
146,30.346106304079107,67.58919202518364,78.38058203712995,64.0875172064044,2018,"Buenos Aires, Argentina",Argentina,South America
147,30.506798516687255,78.80377754459602,66.65203211239337,62.57335361877853,2015,"Buenos Aires, Argentina",Argentina,South America
148,39.33250927070457,81.16474291710387,68.8158554942298,61.51561254799682,2014,"Buenos Aires, Argentina",Argentina,South America
149,31.95302843016069,69.12381951731376,79.20220772704465,61.49387814243281,2017,"Buenos Aires, Argentina",Argentina,South America
150,33.992583436341164,77.97743966421827,66.94054189663822,57.25566905745128,2013,"Buenos Aires, Argentina",Argentina,South America
151,30.605686032138443,74.31794333683106,70.98595082789764,59.23349996377598,2016,"Buenos Aires, Argentina",Argentina,South America
152,29.777503090234863,64.8740818467996,91.3948820873056,65.92769687749039,2019,"Buenos Aires, Argentina",Argentina,South America
153,74.38813349814585,77.46589716684156,86.20170597089815,86.78548141708325,2016,"Bursa, Turkey",Turkey,Asia
154,78.3436341161928,78.21353620146905,90.94330155544405,75.96174744620734,2019,"Bursa, Turkey",Turkey,Asia
155,81.06304079110012,87.64428121720883,91.38233818364272,83.61950300659277,2017,"Bursa, Turkey",Turkey,Asia
156,86.76143386897405,75.10493179433371,82.59533366783742,85.04672897196262,2015,"Bursa, Turkey",Turkey,Asia
157,83.1025957972806,81.59758656873035,88.28399397892626,78.18590161559081,2018,"Bursa, Turkey",Turkey,Asia
158,59.69097651421506,67.03830010493179,80.48795785248369,11.591682967470849,2012,"Cairo, Egypt",Egypt,Africa
159,38.41779975278121,31.46642182581323,96.92047165077773,36.77461421430125,2018,"Cairo, Egypt",Egypt,Africa
160,32.027194066749075,41.146379853095496,89.58855995985952,32.36252988480766,2015,"Cairo, Egypt",Egypt,Africa
161,42.71940667490729,30.417103882476386,96.05494229804312,37.50633920162283,2019,"Cairo, Egypt",Egypt,Africa
162,41.817058096415316,47.7046169989507,88.71048670346212,35.0865753821633,2014,"Cairo, Egypt",Egypt,Africa
163,35.463535228677365,35.04721930745016,89.87079779227295,33.61588060566544,2016,"Cairo, Egypt",Egypt,Africa
164,47.15698393077872,48.21615949632739,85.20446562970395,35.60095631384482,2013,"Cairo, Egypt",Egypt,Africa
165,38.38071693448703,29.839979013641138,99.25990968389362,35.86901398246759,2017,"Cairo, Egypt",Egypt,Africa
166,66.46477132262052,64.3756558237146,57.532614149523326,87.5027168006955,2015,"Calgary, Canada",Canada,North America
167,67.44128553770085,70.48793284365163,65.59207225288509,87.2926175469101,2018,"Calgary, Canada",Canada,North America
168,67.45364647713225,61.647429171038844,69.27370797792273,82.96747083967253,2016,"Calgary, Canada",Canada,North America
169,66.88504326328801,65.35939139559287,66.36352232814853,87.55343041367819,2017,"Calgary, Canada",Canada,North America
170,68.68974042027193,74.13431269674712,70.63472152533869,87.04629428385134,2019,"Calgary, Canada",Canada,North America
171,66.57601977750309,67.32686253934943,52.87255393878574,89.06034919944939,2014,"Calgary, Canada",Canada,North America
172,70.98887515451173,72.94071353620147,47.62920220772703,93.82018401796712,2013,"Calgary, Canada",Canada,North America
173,72.73176761433868,66.50052465897168,43.470898143502254,87.2419039339274,2012,"Calgary, Canada",Canada,North America
174,72.84301606922125,83.39454354669466,65.74259909683893,97.82655944359922,2016,"Canberra, Australia",Australia,Oceania
175,81.11248454882568,78.94805876180483,69.80055193176116,95.30536839817431,2019,"Canberra, Australia",Australia,Oceania
176,69.35723114956737,71.55036726128017,52.72202709483192,99.42041585162646,2015,"Canberra, Australia",Australia,Oceania
177,57.60197775030902,94.67471143756559,30.644756648268924,98.54379482721147,2013,"Canberra, Australia",Australia,Oceania
178,75.24103831891225,80.41710388247641,64.90215755143001,94.75476345721943,2017,"Canberra, Australia",Australia,Oceania
179,63.57231149567366,81.49265477439664,49.15328650275963,94.71853944794607,2014,"Canberra, Australia",Australia,Oceania
180,81.31025957972805,84.14218258132216,62.79478173607626,95.34883720930232,2018,"Canberra, Australia",Australia,Oceania
181,18.961681087762674,75.59024134312699,85.9131961866533,80.33036296457291,2015,"Cape Town, South Africa",South Africa,Africa
182,23.36217552533993,68.14008394543548,76.16658304064225,87.50996160255016,2013,"Cape Town, South Africa",South Africa,Africa
183,21.075401730531517,67.65477439664218,84.16332162568993,81.80830254292545,2014,"Cape Town, South Africa",South Africa,Africa
184,20.88998763906057,68.07450157397693,86.45885599598594,78.8234441788017,2019,"Cape Town, South Africa",South Africa,Africa
185,21.11248454882571,71.41920251836308,83.71174109382841,76.0414402666087,2018,"Cape Town, South Africa",South Africa,Africa
186,18.49196538936959,70.6846799580273,92.09734069242347,81.67065130768674,2016,"Cape Town, South Africa",South Africa,Africa
187,19.814585908529047,70.02885624344177,85.90692423482187,76.46888357603419,2017,"Cape Town, South Africa",South Africa,Africa
188,27.589616810877622,63.81164742917107,64.77044656297039,75.6864449757299,2019,"Chicago, IL, United States",United States,North America
189,40.098887515451175,56.66316894018888,62.71951831409935,82.46033470984568,2013,"Chicago, IL, United States",United States,North America
190,39.61681087762671,56.66316894018888,62.725790265930755,80.75056147214373,2014,"Chicago, IL, United States",United States,North America
191,26.662546353522863,59.929171038824755,60.530607124937276,76.59204520756356,2017,"Chicago, IL, United States",United States,North America
192,32.62051915945612,56.66316894018888,63.578775715002486,78.85242338622038,2015,"Chicago, IL, United States",United States,North America
193,24.36341161928307,57.80430220356769,60.13547415955844,76.95428530029704,2016,"Chicago, IL, United States",United States,North America
194,26.687268232385662,59.18153200419728,63.2589061716006,77.25132217633848,2018,"Chicago, IL, United States",United States,North America
195,46.05686032138442,43.245015739769144,91.65203211239336,63.942621169311025,2015,"Chisinau, Moldova",Moldova,Europe
196,49.876390605686026,43.10073452256035,97.27170095333669,59.61022966021879,2016,"Chisinau, Moldova",Moldova,Europe
197,44.36341161928306,63.982161594963294,73.72052182639237,76.59929000941823,2019,"Cincinnati, OH, United States",United States,North America
198,47.86155747836835,67.56295907660022,70.17686904164576,79.70731000507136,2018,"Cincinnati, OH, United States",United States,North America
199,56.45241038318912,75.01311647429172,71.39362769693929,76.77316525393029,2019,"Cologne, Germany",Germany,Europe
200,58.94932014833127,67.56295907660022,93.27019568489712,64.17445482866043,2019,"Colombo, Sri Lanka",Sri Lanka,Asia
201,68.09641532756488,77.95120671563484,89.54465629703964,62.4864159965225,2017,"Colombo, Sri Lanka",Sri Lanka,Asia
202,48.33127317676143,78.33158447009443,89.62619167084793,60.76939795696588,2016,"Colombo, Sri Lanka",Sri Lanka,Asia
203,61.16192830655128,74.18677859391397,89.87706974410436,62.319785553865096,2018,"Colombo, Sri Lanka",Sri Lanka,Asia
204,67.45364647713225,85.80797481636937,38.94882087305568,81.9387089763095,2013,"Copenhagen, Denmark",Denmark,Europe
205,80.82818294190358,70.9470094438615,52.308078273958856,88.45903064551183,2018,"Copenhagen, Denmark",Denmark,Europe
206,69.62917181705811,86.59496327387197,40.00250878073256,81.67789610954141,2014,"Copenhagen, Denmark",Denmark,Europe
207,74.38813349814585,75.57712486883527,57.53888610135474,85.69876113888284,2016,"Copenhagen, Denmark",Denmark,Europe
208,81.24845488257105,65.98898216159498,58.366783743100854,87.62587843222488,2017,"Copenhagen, Denmark",Denmark,Europe
209,74.36341161928307,71.8389296956978,47.2277972905168,84.5323480402811,2015,"Copenhagen, Denmark",Denmark,Europe
210,78.03461063040791,75.28856243441764,60.480431510285996,89.85727740346302,2019,"Copenhagen, Denmark",Denmark,Europe
211,51.4833127317676,91.93336831059813,32.413447064726526,80.65637904803303,2012,"Copenhagen, Denmark",Denmark,Europe
212,70.21013597033374,45.76337880377756,68.10712493728046,92.07418677099182,2019,"Cork, Ireland",Ireland,Europe
213,71.40914709517921,53.50209863588668,61.5466633216257,93.91436644207779,2018,"Cork, Ireland",Ireland,Europe
214,67.39184177997528,55.40398740818469,67.00326141495232,92.00173875244512,2017,"Cork, Ireland",Ireland,Europe
215,33.770086526576016,61.726128016789104,95.9734069242348,38.846627544736656,2019,"Delhi, India",India,Asia
216,34.67243510506798,66.33001049317946,94.93226292022075,43.15003984641021,2015,"Delhi, India",India,Asia
217,34.140914709517915,59.07660020986361,93.37681886603107,38.57856987611388,2018,"Delhi, India",India,Asia
218,56.50185414091471,56.112277019937046,89.2059708981435,21.582264725059773,2012,"Delhi, India",India,Asia
219,32.348578491965384,60.506295907660025,95.22704465629705,38.085923349996364,2017,"Delhi, India",India,Asia
220,32.978986402966626,58.52570828961177,95.50928248871048,37.2093023255814,2016,"Delhi, India",India,Asia
221,37.79975278121137,62.52623294858344,94.41796287004514,47.511410562921114,2014,"Delhi, India",India,Asia
222,42.521631644004934,72.49475341028331,92.10361264425491,49.48924146924581,2013,"Delhi, India",India,Asia
223,19.196538936959207,48.53095487932845,69.50577019568489,67.63747011519234,2018,"Detroit, MI, United States",United States,North America
224,18.68974042027194,57.751836306400854,75.87807325639739,65.44229515322755,2019,"Detroit, MI, United States",United States,North America
225,81.8294190358467,54.367785939139566,68.71550426492725,64.87720060856336,2017,"Dubai, United Arab Emirates",United Arab Emirates,Asia
226,79.25834363411617,52.42654774396642,69.55594581033617,63.312323407954786,2016,"Dubai, United Arab Emirates",United Arab Emirates,Asia
227,80.81582200247217,54.11857292759707,69.41796287004513,65.10178946605811,2015,"Dubai, United Arab Emirates",United Arab Emirates,Asia
228,79.27070457354758,62.067156348373565,69.14199698946311,65.75382163297834,2014,"Dubai, United Arab Emirates",United Arab Emirates,Asia
229,86.42768850432631,61.37198321091292,78.9826894129453,67.37665724842425,2019,"Dubai, United Arab Emirates",United Arab Emirates,Asia
230,83.96786155747836,58.433892969569776,68.01304565980932,66.50728102586393,2018,"Dubai, United Arab Emirates",United Arab Emirates,Asia
231,55.339925834363406,57.935466946484794,60.87556447566482,50.923712236470344,2012,"Dubai, United Arab Emirates",United Arab Emirates,Asia
232,83.55995055624227,63.03777544596014,65.5983442047165,66.64493226110268,2013,"Dubai, United Arab Emirates",United Arab Emirates,Asia
233,33.01606922126081,24.304826862539354,43.6339688911189,82.85155400999783,2014,"Dublin, Ireland",Ireland,Europe
234,44.89493201483312,41.33001049317944,57.1374811841445,79.89567485329277,2018,"Dublin, Ireland",Ireland,Europe
235,47.77503090234857,28.06925498426023,41.9907175112895,81.6054480909947,2013,"Dublin, Ireland",Ireland,Europe
236,45.12978986402965,39.28384050367262,64.99623682890115,77.9758023618054,2019,"Dublin, Ireland",Ireland,Europe
237,38.38071693448703,7.528856243441763,35.42398394380329,78.24386003042817,2012,"Dublin, Ireland",Ireland,Europe
238,42.212608158220014,41.12014690451207,63.534872052182635,81.51126566688401,2017,"Dublin, Ireland",Ireland,Europe
239,40.04944375772558,32.24029380902414,53.600100351229294,83.17757009345793,2015,"Dublin, Ireland",Ireland,Europe
240,40.23485784919654,37.32948583420777,63.14601103863521,81.72136492066942,2016,"Dublin, Ireland",Ireland,Europe
241,9.579728059332506,34.811122770199376,84.49573507275464,65.68137361443164,2018,"Durban, South Africa",South Africa,Africa
242,8.726823238566134,30.823714585519408,92.6179126944305,66.57248424255596,2016,"Durban, South Africa",South Africa,Africa
243,8.887515451174286,41.59233997901365,88.47215253386854,68.17358545243789,2019,"Durban, South Africa",South Africa,Africa
244,10.358467243510507,34.824239244491075,87.85750125439037,65.0583206549301,2017,"Durban, South Africa",South Africa,Africa
245,71.60692212608156,79.89244491080798,68.35173105870545,94.13171049771788,2017,"Edinburgh, United Kingdom",United Kingdom,Europe
246,72.83065512978985,63.57555089192026,55.995985950827894,95.26189958704629,2015,"Edinburgh, United Kingdom",United Kingdom,Europe
247,68.67737948084053,80.08919202518366,63.86101354741595,90.75563283344201,2018,"Edinburgh, United Kingdom",United Kingdom,Europe
248,69.33250927070456,79.56453305351522,69.94480682388358,88.35760341954649,2019,"Edinburgh, United Kingdom",United Kingdom,Europe
249,72.12608158220023,76.088667366212,66.54540893125939,94.11722089400855,2016,"Edinburgh, United Kingdom",United Kingdom,Europe
250,58.72682323856613,74.71143756558239,60.27345709984946,84.42367601246106,2015,"Edmonton, Canada",Canada,North America
251,56.78615574783683,77.61017838405039,43.226292022077246,90.01666304426573,2012,"Edmonton, Canada",Canada,North America
252,61.705809641532746,74.01626442812174,55.41896638233818,89.813808592335,2014,"Edmonton, Canada",Canada,North America
253,68.99876390605685,77.53147953830012,49.159558454591064,89.813808592335,2013,"Edmonton, Canada",Canada,North America
254,57.81211372064278,72.28488982161595,69.15454089312593,84.77142650148518,2016,"Edmonton, Canada",Canada,North America
255,55.920889987639065,76.54774396642182,72.62293025589562,83.8223574585235,2019,"Edmonton, Canada",Canada,North America
256,57.16934487021013,73.89821615949634,67.91269443050679,85.41621386655075,2017,"Edmonton, Canada",Canada,North America
257,55.920889987639065,73.84575026232949,65.86176618163573,86.48119973918713,2018,"Edmonton, Canada",Canada,North America
258,76.45241038318912,86.43756558237148,68.5085298544907,91.99449395059044,2019,"Eindhoven, Netherlands",Netherlands,Europe
259,77.42892459826945,87.93284365162646,64.16206723532363,90.38614793885388,2018,"Eindhoven, Netherlands",Netherlands,Europe
260,76.1310259579728,88.7329485834208,69.45559458103361,90.53828877780191,2017,"Eindhoven, Netherlands",Netherlands,Europe
261,73.01606922126079,65.84470094438616,38.980180632212736,84.08317032529159,2019,"Geneva, Switzerland",Switzerland,Europe
262,74.77132262051916,66.14637985309551,28.970145509282474,84.62653046439179,2018,"Geneva, Switzerland",Switzerland,Europe
263,73.52286773794808,64.44123819517314,30.24962368289011,84.59030645511845,2017,"Geneva, Switzerland",Switzerland,Europe
264,63.59703337453646,64.53305351521512,32.582789764174606,85.18438020720133,2016,"Geneva, Switzerland",Switzerland,Europe
265,60.7045735475896,52.833158447009446,22.478675363773192,88.1619937694704,2015,"Geneva, Switzerland",Switzerland,Europe
266,49.085290482076644,88.83788037775446,70.31485198193677,83.71368543070345,2017,"Glasgow, United Kingdom",United Kingdom,Europe
267,52.03955500618046,84.77177334732424,73.23758153537379,83.67746142143012,2019,"Glasgow, United Kingdom",United Kingdom,Europe
268,42.398022249690975,94.63536201469047,55.34997491219266,86.39426211693109,2015,"Glasgow, United Kingdom",United Kingdom,Europe
269,50.729295426452396,57.41080797481638,65.86176618163573,90.53828877780191,2017,"Gothenburg, Sweden",Sweden,Europe
270,53.70828182941904,67.39244491080797,68.69668840943301,91.653988263421,2019,"Gothenburg, Sweden",Sweden,Europe
271,55.73547589616811,64.36253934942289,60.61214249874561,90.75563283344201,2018,"Gothenburg, Sweden",Sweden,Europe
272,67.26823238566129,71.97009443861492,67.2353236327145,52.17706295732811,2019,"Haifa, Israel",Israel,Asia
273,55.43881334981458,67.37932843651627,70.34621174109381,87.74904006375425,2019,"Halifax, Canada",Canada,North America
274,50.889987639060564,72.94071353620147,65.56071249372805,89.7196261682243,2017,"Halifax, Canada",Canada,North America
275,54.622991347342385,72.06190975865687,62.08605117912694,87.86495689342897,2018,"Halifax, Canada",Canada,North America
276,66.36588380716934,57.200944386149004,62.23657802308078,81.59820328914005,2015,"Hamburg, Germany",Germany,Europe
277,44.313967861557465,78.01678908709341,62.88886101354741,82.68492356734043,2018,"Hamburg, Germany",Germany,Europe
278,48.17058096415328,82.89611752360966,66.01856497742097,85.47417228138809,2017,"Hamburg, Germany",Germany,Europe
279,47.37948084054387,73.09811122770199,68.26392373306572,82.9022676229805,2016,"Hamburg, Germany",Germany,Europe
280,75.94561186650185,82.22717733473243,53.549924736578035,90.90777367239006,2013,"Hamburg, Germany",Germany,Europe
281,49.876390605686026,77.72822665267576,67.84997491219266,84.9815257552706,2019,"Hamburg, Germany",Germany,Europe
282,54.17799752781211,42.19569779643233,89.11816357250376,39.07846120408606,2019,"Hanoi, Vietnam",Vietnam,Asia
283,81.92830655129788,63.313221406086036,63.3843452082288,54.77070202129971,2017,"Hong Kong, Hong Kong",Hong Kong,Asia
284,87.33003708281828,62.78856243441764,61.509031610637216,59.298703180467996,2013,"Hong Kong, Hong Kong",Hong Kong,Asia
285,85.48825710754016,79.87932843651626,65.01505268439539,63.81945953778164,2015,"Hong Kong, Hong Kong",Hong Kong,Asia
286,85.2781211372064,71.16998950682057,61.64701455092825,58.86401506918786,2014,"Hong Kong, Hong Kong",Hong Kong,Asia
287,81.71817058096416,71.58971668415529,62.43100852985448,56.748532927624424,2016,"Hong Kong, Hong Kong",Hong Kong,Asia
288,81.65636588380715,57.830535152151114,64.16206723532363,55.16916612330653,2018,"Hong Kong, Hong Kong",Hong Kong,Asia
289,83.60939431396785,62.473767051416594,64.5258404415454,57.31362747228864,2019,"Hong Kong, Hong Kong",Hong Kong,Asia
290,34.31396786155747,72.88824763903466,57.17511289513296,61.67499818879954,2015,"Houston, TX, United States",United States,North America
291,37.292954264524106,73.30797481636937,59.269944806823894,56.53843367383902,2014,"Houston, TX, United States",United States,North America
292,30.0,71.7077649527807,66.24435524335172,64.02955879156704,2017,"Houston, TX, United States",United States,North America
293,34.140914709517915,61.699895068205684,66.37606623181134,54.90110845468377,2016,"Houston, TX, United States",United States,North America
294,31.19901112484549,78.33158447009443,64.55720020070245,59.197275954502636,2013,"Houston, TX, United States",United States,North America
295,32.26205191594561,68.73032528856245,69.39914701455092,65.00760704194741,2018,"Houston, TX, United States",United States,North America
296,32.200247218788626,68.9270724029381,73.63271450075263,67.47808447438962,2019,"Houston, TX, United States",United States,North America
297,39.295426452410375,64.58551941238197,71.481435022579,74.17952618995871,2019,"Indianapolis, IN, United States",United States,North America
298,66.84796044499382,58.2109129066107,99.02157551430004,70.05723393465189,2019,"Islamabad, Pakistan",Pakistan,Asia
299,53.79480840543882,62.30325288562434,91.53286502759659,62.4139679779758,2015,"Islamabad, Pakistan",Pakistan,Asia
300,46.9344870210136,63.155823714585544,89.91470145509281,54.893863652829104,2019,"Istanbul, Turkey",Turkey,Asia
301,55.41409147095179,68.86149003147955,80.04264927245359,57.74831558356878,2015,"Istanbul, Turkey",Turkey,Asia
302,45.25339925834363,63.182056663168964,85.480431510286,56.79200173875244,2018,"Istanbul, Turkey",Turkey,Asia
303,54.49938195302843,61.67366211962225,79.94229804315104,58.01637325219154,2014,"Istanbul, Turkey",Turkey,Asia
304,55.12978986402965,79.56453305351522,70.2709483191169,55.103962906614505,2013,"Istanbul, Turkey",Turkey,Asia
305,50.086526576019786,68.24501573976916,83.00301053687906,59.182786350793286,2016,"Istanbul, Turkey",Turkey,Asia
306,66.24227441285537,71.05194123819518,64.657551430005,40.20865029341447,2012,"Istanbul, Turkey",Turkey,Asia
307,45.43881334981458,65.54302203567681,87.46864024084293,57.72658117800479,2017,"Istanbul, Turkey",Turkey,Asia
308,69.48084054388133,84.35204616998952,86.27069744104367,57.9801492429182,2016,"Izmir, Turkey",Turkey,Asia
309,73.46106304079109,68.46799580272824,91.432513798294,60.023183365934926,2019,"Izmir, Turkey",Turkey,Asia
310,74.64771322620521,75.27544596012592,90.86803813346714,58.44381656161704,2017,"Izmir, Turkey",Turkey,Asia
311,75.76019777503089,82.45015739769151,83.10963371801304,50.33688328624211,2015,"Izmir, Turkey",Turkey,Asia
312,74.1532756489493,71.81269674711439,87.83868539889612,59.950735347388246,2018,"Izmir, Turkey",Turkey,Asia
313,5.15451174289246,48.9637985309549,82.8273958855996,52.032166920234715,2015,"Johannesburg, South Africa",South Africa,Africa
314,10.469715698393077,52.977439664218274,85.31736076266934,52.727667898282974,2017,"Johannesburg, South Africa",South Africa,Africa
315,3.7453646477132274,52.806925498426025,71.41244355243352,55.198145330725204,2013,"Johannesburg, South Africa",South Africa,Africa
316,4.140914709517926,53.6463798530955,80.4126944305068,60.12461059190031,2014,"Johannesburg, South Africa",South Africa,Africa
317,4.4499381953028445,53.22665267576075,89.96487706974409,52.032166920234715,2016,"Johannesburg, South Africa",South Africa,Africa
318,8.244746600741657,51.46904512067157,84.83442047165076,60.61001231616315,2019,"Johannesburg, South Africa",South Africa,Africa
319,0.0,64.72980062959077,64.11816357250376,38.99876838368471,2012,"Johannesburg, South Africa",South Africa,Africa
320,10.012360939431396,54.68258132214061,82.16256899147014,57.90045642251684,2018,"Johannesburg, South Africa",South Africa,Africa
321,28.15822002472188,49.22612801678909,95.59081786251879,36.37615011229442,2017,"Karachi, Pakistan",Pakistan,Asia
322,30.605686032138443,50.498426023085,96.53788258906172,36.941244656958624,2018,"Karachi, Pakistan",Pakistan,Asia
323,8.850432632880095,35.91290661070305,93.52107375815352,33.85495906686953,2015,"Karachi, Pakistan",Pakistan,Asia
324,21.33498145859085,46.537250786988466,95.60336176618164,41.23741215677752,2016,"Karachi, Pakistan",Pakistan,Asia
325,35.26576019777503,51.128016789087106,100.0,39.45519090052886,2019,"Karachi, Pakistan",Pakistan,Asia
326,64.09147095179233,46.94386149003148,93.97265429001504,36.15156125479968,2019,"Kathmandu, Nepal",Nepal,Asia
327,63.21384425216317,54.2890870933893,85.64350225790265,56.28486560892559,2015,"Krakow (Cracow), Poland",Poland,Europe
328,63.01606922126082,56.4139559286464,84.81560461615655,54.31427950445555,2018,"Krakow (Cracow), Poland",Poland,Europe
329,71.84177997527811,55.954879328436526,88.17737079779226,54.38672752300224,2019,"Krakow (Cracow), Poland",Poland,Europe
330,63.41161928306551,60.33578174186779,89.38158554942301,54.90110845468377,2016,"Krakow (Cracow), Poland",Poland,Europe
331,69.07292954264524,57.01731374606507,89.33768188660311,55.52416141418532,2017,"Krakow (Cracow), Poland",Poland,Europe
332,17.05809641532756,52.898740818468,86.99197190165579,51.15554589581975,2016,"Kuala Lumpur, Malaysia",Malaysia,Asia
333,21.470951792336216,55.5482686253935,86.65955845459106,50.66289936970225,2017,"Kuala Lumpur, Malaysia",Malaysia,Asia
334,12.855377008652663,62.30325288562434,77.63421976919217,23.60356444251249,2012,"Kuala Lumpur, Malaysia",Malaysia,Asia
335,16.081582200247222,49.213011542497384,80.95835423983944,54.350503513728896,2014,"Kuala Lumpur, Malaysia",Malaysia,Asia
336,22.3114956736712,47.86201469045122,77.40842950326142,57.78453959284214,2013,"Kuala Lumpur, Malaysia",Malaysia,Asia
337,14.363411619283063,56.807450157397696,83.29779227295535,51.97420850539737,2015,"Kuala Lumpur, Malaysia",Malaysia,Asia
338,23.152039555006176,55.98111227701994,84.50827897641746,52.546547851916245,2018,"Kuala Lumpur, Malaysia",Malaysia,Asia
339,24.647713226205177,59.40451206715636,87.3118414450577,55.40099978265594,2019,"Kuala Lumpur, Malaysia",Malaysia,Asia
340,38.51668726823239,58.5650577124869,68.60888108379328,69.10816489169021,2017,"Las Vegas, NV, United States",United States,North America
341,39.295426452410375,48.832633788037775,69.02282990466632,68.77490400637542,2018,"Las Vegas, NV, United States",United States,North America
342,38.640296662546355,45.50104931794334,71.00476668339186,67.65195971890168,2019,"Las Vegas, NV, United States",United States,North America
343,57.36711990111249,80.18100734522561,66.54540893125939,73.12178511917699,2018,"Leeds, United Kingdom",United Kingdom,Europe
344,54.80840543881335,84.16841552990557,72.70446562970395,71.40476707962037,2019,"Leeds, United Kingdom",United Kingdom,Europe
345,53.893695920889975,77.84627492130116,72.4786753637732,77.5266246468159,2017,"Leeds, United Kingdom",United Kingdom,Europe
346,68.28182941903584,39.2707240293809,77.05720020070245,66.33340578135187,2019,"Limassol, Cyprus",Cyprus,Europe
347,69.44375772558713,66.94648478488983,79.87330657300551,77.58458306165326,2019,"Lisbon, Portugal",Portugal,Europe
348,66.62546353522865,63.3656873032529,81.8803311590567,80.59117583134102,2017,"Lisbon, Portugal",Portugal,Europe
349,66.04449938195302,64.40188877229801,77.35198193677874,79.12048105484314,2018,"Lisbon, Portugal",Portugal,Europe
350,56.00741656365885,61.05718782791186,64.18088309081786,67.8185901615591,2012,"Lisbon, Portugal",Portugal,Europe
351,57.94808405438813,55.954879328436526,66.62067235323633,78.62783452872564,2013,"Lisbon, Portugal",Portugal,Europe
352,64.44993819530285,64.06086044071355,81.6294530858003,80.48250380352098,2016,"Lisbon, Portugal",Portugal,Europe
353,59.69097651421506,58.3289611752361,68.85975915704968,80.3376077664276,2014,"Lisbon, Portugal",Portugal,Europe
354,64.56118665018539,58.18467995802729,76.19794279979929,79.93914366442078,2015,"Lisbon, Portugal",Portugal,Europe
355,72.74412855377007,50.708289611752384,80.29352734570998,81.50402086502933,2016,"Ljubljana, Slovenia",Slovenia,Europe
356,64.73423980222496,54.09233997901365,64.90215755143001,82.34441788017098,2014,"Ljubljana, Slovenia",Slovenia,Europe
357,69.1965389369592,46.40608604407136,72.68564977420974,81.44606245019199,2015,"Ljubljana, Slovenia",Slovenia,Europe
358,76.62546353522869,59.70619097586571,72.4724034119418,85.9016155908136,2018,"Ljubljana, Slovenia",Slovenia,Europe
359,79.35723114956734,57.48950682056663,79.07676869041644,87.93016011012102,2019,"Ljubljana, Slovenia",Slovenia,Europe
360,66.77379480840544,68.25813221406088,62.882589061716004,85.00326016083459,2013,"Ljubljana, Slovenia",Slovenia,Europe
361,77.73794808405438,58.64375655823715,76.69342699448066,85.46692747953344,2017,"Ljubljana, Slovenia",Slovenia,Europe
362,63.349814585908526,73.96379853095489,62.16131460110386,80.05506049409549,2012,"Ljubljana, Slovenia",Slovenia,Europe
363,33.485784919653895,63.03777544596014,34.458103361766184,46.091429399405925,2012,"London, United Kingdom",United Kingdom,Europe
364,48.46724351050679,62.998426023085,57.90893125940792,62.26182713902774,2018,"London, United Kingdom",United Kingdom,Europe
365,50.95179233621754,71.28803777544596,42.49247365780229,68.18807505614721,2014,"London, United Kingdom",United Kingdom,Europe
366,49.92583436341161,72.15372507869887,47.177621675865524,67.74614214301238,2015,"London, United Kingdom",United Kingdom,Europe
367,47.700865265760186,70.92077649527809,54.06422478675365,66.09432732014778,2016,"London, United Kingdom",United Kingdom,Europe
368,45.51297898640296,65.33315844700945,44.11063723030608,65.34811272911685,2013,"London, United Kingdom",United Kingdom,Europe
369,50.420271940667476,64.97901364113328,62.33692925238336,65.04383105122075,2017,"London, United Kingdom",United Kingdom,Europe
370,43.85661310259579,63.1295907660021,62.48118414450576,62.19662392233573,2019,"London, United Kingdom",United Kingdom,Europe
371,39.913473423980214,53.02990556138511,62.93903662819869,60.42889226979642,2017,"Los Angeles, CA, United States",United States,North America
372,49.2336217552534,60.53252885624346,64.48820873055695,61.68948779250887,2019,"Los Angeles, CA, United States",United States,North America
373,47.62669962917181,58.42077649527809,61.91670847967888,60.544809099471124,2018,"Los Angeles, CA, United States",United States,North America
374,26.229913473423977,64.1264428121721,61.64074259909684,71.06426139245093,2013,"Los Angeles, CA, United States",United States,North America
375,41.23609394313967,59.50944386149004,70.00125439036628,61.276534086792715,2015,"Los Angeles, CA, United States",United States,North America
376,40.44499381953028,59.876705141657936,64.75163070747617,54.12591465623414,2016,"Los Angeles, CA, United States",United States,North America
377,32.645241038318915,83.43389296956978,54.08931259407928,50.32239368253278,2012,"Los Angeles, CA, United States",United States,North America
378,72.08899876390605,77.80692549842604,53.71926743602611,90.84257045569805,2018,"Luxembourg, Luxembourg",Luxembourg,Europe
379,75.98269468479604,76.57397691500526,57.313095835423965,92.98703180468014,2019,"Luxembourg, Luxembourg",Luxembourg,Europe
380,77.26823238566129,71.90451206715636,63.45960863020571,90.63971600376728,2017,"Luxembourg, Luxembourg",Luxembourg,Europe
381,56.97156983930778,45.40923399790138,98.3003010536879,65.31913352169818,2017,"Lviv, Ukraine",Ukraine,Europe
382,59.97527812113721,47.94071353620149,96.64450577019569,64.92791422154603,2019,"Lviv, Ukraine",Ukraine,Europe
383,58.14585908529047,47.07502623294859,97.66056196688407,63.29058900239079,2018,"Lviv, Ukraine",Ukraine,Europe
385,62.84301606922126,72.75708289611754,61.97942799799297,59.37839600086937,2014,"Madrid, Spain",Spain,Europe
386,56.34116192830655,78.06925498426024,71.11766181635723,65.72484242555966,2018,"Madrid, Spain",Spain,Europe
387,68.28182941903584,74.04249737670516,75.40767686904164,60.93602839962327,2016,"Madrid, Spain",Spain,Europe
388,68.60321384425218,76.83630640083945,75.59583542398394,65.60892559588495,2017,"Madrid, Spain",Spain,Europe
389,80.72929542645241,56.66316894018888,56.74862017059708,42.621169311019344,2012,"Madrid, Spain",Spain,Europe
390,58.862793572311496,70.55351521511021,60.242097340692425,64.60914293994061,2013,"Madrid, Spain",Spain,Europe
391,63.4857849196539,70.26495278069257,70.19568489713998,62.4139679779758,2015,"Madrid, Spain",Spain,Europe
392,64.04202719406672,77.20356768100736,75.60210737581535,64.63812214735927,2019,"Madrid, Spain",Spain,Europe
393,38.40543881334982,75.68205666316895,65.146763672855,66.23922335724117,2018,"Manchester, United Kingdom",United Kingdom,Europe
394,42.70704573547589,70.1862539349423,60.3487205218264,73.85351010649859,2016,"Manchester, United Kingdom",United Kingdom,Europe
395,41.779975278121135,74.75078698845749,70.22077270446562,67.55053249293633,2017,"Manchester, United Kingdom",United Kingdom,Europe
396,42.90482076637824,87.08027282266526,47.85499247365779,78.52640730276028,2014,"Manchester, United Kingdom",United Kingdom,Europe
397,45.52533992583435,66.5267576075551,55.92699448068238,74.73737593276823,2015,"Manchester, United Kingdom",United Kingdom,Europe
398,38.504326328800985,76.04931794333685,71.08630205720019,65.11627906976744,2019,"Manchester, United Kingdom",United Kingdom,Europe
399,25.463535228677372,79.80062959076602,83.4671349724034,43.95421285227849,2013,"Manila, Philippines",Philippines,Asia
400,32.18788627935721,63.73294858342079,88.17737079779226,38.39020502789249,2017,"Manila, Philippines",Philippines,Asia
401,34.02966625463535,53.44963273871984,89.12443552433517,38.94080996884736,2019,"Manila, Philippines",Philippines,Asia
402,34.35105067985166,61.80482686253936,86.94179628700451,39.46243570238354,2018,"Manila, Philippines",Philippines,Asia
403,46.66254635352286,57.89611752360966,87.53135975915704,35.80381076577557,2016,"Manila, Philippines",Philippines,Asia
404,23.770086526576023,55.35152151101785,84.66507777220271,36.76736941244656,2015,"Manila, Philippines",Philippines,Asia
405,47.231149567367105,74.69832109129068,33.22252885097841,82.41686589871767,2013,"Melbourne, Australia",Australia,Oceania
406,55.12978986402965,72.42917103882478,60.12920220772703,85.27856263131203,2018,"Melbourne, Australia",Australia,Oceania
407,57.02101359703339,74.22612801678909,45.346211741093825,87.84322248786495,2014,"Melbourne, Australia",Australia,Oceania
408,58.19530284301607,72.69150052465899,52.67812343201204,88.50249945663984,2015,"Melbourne, Australia",Australia,Oceania
409,40.71693448702101,68.86149003147955,34.79678876066229,59.023400709990575,2012,"Melbourne, Australia",Australia,Oceania
410,63.21384425216317,75.89192025183631,66.27571500250879,87.13323190610737,2016,"Melbourne, Australia",Australia,Oceania
411,52.694684796044506,72.74396642182583,68.3078273958856,85.39447946098674,2019,"Melbourne, Australia",Australia,Oceania
412,56.78615574783683,72.7046169989507,63.164826894129455,83.94551909005291,2017,"Melbourne, Australia",Australia,Oceania
413,25.859085290482078,58.84050367261281,88.97390868038134,44.25124972831994,2016,"Mexico City, Mexico",Mexico,North America
414,25.78491965389369,61.83105981112279,92.46738585047666,41.64312106063899,2017,"Mexico City, Mexico",Mexico,North America
415,9.765142150803463,63.942812172088146,76.80005017561464,12.678403245671234,2012,"Mexico City, Mexico",Mexico,North America
416,26.266996291718165,59.65372507869886,84.00025087807326,44.96124031007752,2015,"Mexico City, Mexico",Mexico,North America
417,25.203955500618054,59.48321091290661,89.98996487706974,42.621169311019344,2018,"Mexico City, Mexico",Mexico,North America
418,23.22620519159456,58.407660020986356,91.3948820873056,45.620517278852425,2019,"Mexico City, Mexico",Mexico,North America
419,26.79851668726823,58.84050367261281,80.048921224285,48.5039484170108,2014,"Mexico City, Mexico",Mexico,North America
420,11.248454882571078,55.141657922350475,77.36452584044154,51.474317177425185,2013,"Mexico City, Mexico",Mexico,North America
421,33.68355995055624,54.2890870933893,60.69994982438535,72.98413388393827,2015,"Miami, FL, United States",United States,North America
422,40.877626699629175,47.14060860440714,59.45810336176618,76.38919075563281,2017,"Miami, FL, United States",United States,North America
423,42.088998763906055,58.13221406086046,63.0770195684897,77.94682315438672,2019,"Miami, FL, United States",United States,North America
424,40.50679851668728,58.18467995802729,59.58981435022578,76.79489965949432,2018,"Miami, FL, United States",United States,North America
425,32.459826946847954,53.082371458551954,63.37180130456597,77.06295732811708,2016,"Miami, FL, United States",United States,North America
426,38.02224969097651,67.73347324239245,48.24385348720522,48.17793233355067,2013,"Milan, Italy",Italy,Europe
427,42.91718170580963,62.722980062959095,50.54565980933265,51.53952039411722,2014,"Milan, Italy",Italy,Europe
428,49.15945611866503,67.20881427072403,65.36001003512293,59.305947982322685,2017,"Milan, Italy",Italy,Europe
429,41.755253399258336,64.5068205666317,48.11841445057701,18.47424472940665,2012,"Milan, Italy",Italy,Europe
430,43.15203955500617,64.08709338929697,61.01981936778725,52.14808374990944,2015,"Milan, Italy",Italy,Europe
431,45.90852904820765,72.40293809024135,67.21650777722027,59.71165688618416,2016,"Milan, Italy",Italy,Europe
432,51.9035846724351,69.60912906610703,60.160561966884096,59.15380714337461,2018,"Milan, Italy",Italy,Europe
433,52.58343634116192,67.33997901364114,67.97541394882087,59.436354415706724,2019,"Milan, Italy",Italy,Europe
434,51.47095179233621,49.3441762854145,83.54867034621174,59.85655292327754,2017,"Moscow, Russia",Russia,Asia
435,50.11124845488256,47.28488982161596,85.7313095835424,59.37839600086937,2016,"Moscow, Russia",Russia,Asia
436,50.655129789864034,49.44910807974817,81.03361766181634,60.31297544012171,2018,"Moscow, Russia",Russia,Asia
437,42.38566131025957,23.64900314795383,59.11314601103864,20.930232558139533,2012,"Moscow, Russia",Russia,Asia
438,40.55624227441285,38.09024134312696,66.08755644756647,46.308773455045994,2015,"Moscow, Russia",Russia,Asia
439,41.74289245982695,29.61699895068205,62.368289011540384,43.23697746866623,2013,"Moscow, Russia",Russia,Asia
440,41.31025957972805,36.385099685204615,67.16006021073758,43.207998261247546,2014,"Moscow, Russia",Russia,Asia
441,56.18046971569839,49.93441762854145,87.53135975915704,60.98674201260595,2019,"Moscow, Russia",Russia,Asia
442,64.79604449938194,53.20041972717736,89.7014550928249,14.851843802072013,2012,"Mumbai, India",India,Asia
443,48.39307787391842,57.22717733473242,94.59357752132463,41.98362674780845,2017,"Mumbai, India",India,Asia
444,52.459826946847954,58.99790136411335,93.09458103361764,42.99065420560749,2018,"Mumbai, India",India,Asia
445,46.84796044499381,54.0398740818468,94.25489212242849,38.23806418894443,2015,"Mumbai, India",India,Asia
446,55.72311495673671,57.89611752360966,93.8785750125439,38.25255379265376,2014,"Mumbai, India",India,Asia
447,44.46229913473423,54.81374606505771,95.39011540391373,40.4839527638919,2016,"Mumbai, India",India,Asia
448,64.68479604449938,50.747639034627504,91.28198695434021,35.55024270086213,2013,"Mumbai, India",India,Asia
449,54.635352286773795,63.1295907660021,95.3273958855996,44.758385858146774,2019,"Mumbai, India",India,Asia
450,86.50185414091469,79.93179433368311,67.51756146512794,89.4153444903282,2019,"Munich, Germany",Germany,Europe
451,85.92088998763904,84.11594963273872,60.3612644254892,91.85684271535172,2018,"Munich, Germany",Germany,Europe
452,89.39431396786154,92.95645330535154,60.750125439036616,89.60370933854959,2015,"Munich, Germany",Germany,Europe
453,88.52904820766376,90.12329485834208,50.702458605117904,90.13257987394043,2013,"Munich, Germany",Germany,Europe
454,88.05933250927069,82.64690451206718,68.48971399899649,92.79142215460405,2017,"Munich, Germany",Germany,Europe
455,88.03461063040791,83.76180482686254,68.90366281986954,92.48714047670795,2016,"Munich, Germany",Germany,Europe
456,72.96662546353521,53.22665267576075,81.42247867536376,73.97667173802796,2018,"Muscat, Oman",Oman,Asia
457,77.16934487021013,51.46904512067157,82.85248369292523,76.76592045207562,2019,"Muscat, Oman",Oman,Asia
458,76.39060568603212,50.367261280167895,79.4279979929754,69.60081141780772,2017,"Muscat, Oman",Oman,Asia
459,24.10383189122373,56.37460650577128,79.45308580030104,54.92284286024778,2015,"Nairobi, Kenya",Kenya,Africa
460,28.516687268232374,51.101783840503685,86.94179628700451,51.633702818227924,2017,"Nairobi, Kenya",Kenya,Africa
461,36.45241038318912,49.58027282266528,87.16131460110388,49.50373107295515,2019,"Nairobi, Kenya",Kenya,Africa
462,33.399258343634116,52.308499475341044,87.15504264927246,48.453234804028114,2018,"Nairobi, Kenya",Kenya,Africa
463,44.58590852904821,49.3441762854145,50.81535373808329,60.943273201477936,2016,"New York, NY, United States",United States,North America
464,49.2088998763906,34.798006295907676,50.81535373808329,67.14482358907483,2015,"New York, NY, United States",United States,North America
465,56.847960444993824,57.935466946484794,50.81535373808329,55.90813591248278,2012,"New York, NY, United States",United States,North America
466,50.889987639060564,46.03882476390348,50.81535373808329,67.77512135043106,2014,"New York, NY, United States",United States,North America
467,52.262051915945605,57.43704092339979,50.81535373808329,65.0583206549301,2018,"New York, NY, United States",United States,North America
468,48.98640296662546,41.5398740818468,50.81535373808329,67.94175179308847,2013,"New York, NY, United States",United States,North America
469,48.62793572311496,59.4700944386149,50.81535373808329,62.4139679779758,2017,"New York, NY, United States",United States,North America
470,52.83065512978986,57.41080797481638,50.81535373808329,64.05853799898573,2019,"New York, NY, United States",United States,North America
471,71.23609394313971,39.2576075550892,72.9867034621174,61.46489893501413,2019,"Nicosia, Cyprus",Cyprus,Europe
472,55.20395550061805,35.440713536201464,91.73356748620172,71.06426139245093,2019,"Novi Sad, Serbia",Serbia,Europe
473,52.95426452410384,42.15634837355721,89.13697942799799,74.96196479026298,2018,"Novi Sad, Serbia",Serbia,Europe
474,51.84177997527812,36.24081846799581,92.04089312594078,75.23726726074042,2017,"Novi Sad, Serbia",Serbia,Europe
475,45.760197775030896,39.11332633788038,92.68690416457602,77.34550460044917,2016,"Novi Sad, Serbia",Serbia,Europe
476,42.509270704573545,44.818992654774405,95.18941294530858,57.05281460552053,2019,"Odessa, Ukraine",Ukraine,Europe
477,38.87515451174289,59.78488982161596,70.02007024586051,80.569441425777,2019,"Orlando, FL, United States",United States,North America
478,37.40420271940667,55.194123819517316,65.47290516808829,78.93936100847642,2018,"Orlando, FL, United States",United States,North America
479,39.54264524103832,58.368310598111236,63.65403913697942,78.06273998406144,2017,"Orlando, FL, United States",United States,North America
480,56.00741656365885,70.46169989506821,24.962368289011522,83.61950300659277,2014,"Oslo, Norway",Norway,Europe
481,60.03708281829418,70.44858342077652,49.6236828901154,87.79250887488226,2019,"Oslo, Norway",Norway,Europe
482,47.16934487021013,66.33001049317946,46.46889111891619,87.50996160255016,2017,"Oslo, Norway",Norway,Europe
483,63.57231149567366,89.80849947534105,12.029603612644234,83.87307107150619,2013,"Oslo, Norway",Norway,Europe
484,58.15822002472187,70.26495278069257,41.16909182137481,85.0974425849453,2015,"Oslo, Norway",Norway,Europe
485,53.090234857849204,69.58289611752362,40.00878073256396,87.79250887488226,2018,"Oslo, Norway",Norway,Europe
486,60.482076637824456,65.97586568730324,53.336678374310075,87.2201695283634,2016,"Oslo, Norway",Norway,Europe
487,43.18912237330037,72.27177334732424,60.68113396889112,56.35731362747229,2019,"Paris, France",France,Europe
488,40.65512978986403,72.24554039874083,62.34947315604615,58.50177497645439,2016,"Paris, France",France,Europe
489,39.62917181705809,80.0367261280168,51.05995985950828,57.48750271680069,2015,"Paris, France",France,Europe
490,41.050679851668725,83.43389296956978,38.89237330657299,63.312323407954786,2013,"Paris, France",France,Europe
491,42.459826946847954,83.43389296956978,37.844957350727526,60.15358979931898,2014,"Paris, France",France,Europe
492,48.64029666254635,69.77964323189927,38.465880582037116,51.677171629355925,2012,"Paris, France",France,Europe
493,42.039555006180464,70.00262329485835,55.287255393878574,57.23393465188728,2018,"Paris, France",France,Europe
494,42.2867737948084,69.50419727177335,61.35223281485197,55.8139534883721,2017,"Paris, France",France,Europe
495,53.745364647713224,72.44228751311648,38.34044154540892,90.18329348692312,2014,"Perth, Australia",Australia,Oceania
496,51.742892459826926,67.90398740818469,59.765429001505254,85.24233862203869,2017,"Perth, Australia",Australia,Oceania
497,48.76390605686032,65.92339979013643,60.17310587054689,83.55429978990074,2016,"Perth, Australia",Australia,Oceania
498,45.67367119901113,79.80062959076602,26.373557451078767,87.56067521553284,2013,"Perth, Australia",Australia,Oceania
499,53.51050679851667,75.30167890870935,67.3670346211741,87.40128957473013,2019,"Perth, Australia",Australia,Oceania
500,44.140914709517915,88.30010493179434,24.36026091319617,94.54466420343405,2012,"Perth, Australia",Australia,Oceania
501,53.18912237330037,73.50472193074503,59.44555945810336,85.94508440194159,2018,"Perth, Australia",Australia,Oceania
502,52.80593325092707,63.1164742917104,45.17686904164576,87.61138882851554,2015,"Perth, Australia",Australia,Oceania
503,56.242274412855366,70.86831059811124,81.56046161565479,78.71477215098167,2019,"Porto, Portugal",Portugal,Europe
504,58.40543881334981,64.86096537250789,71.71349724034118,77.15713975222778,2014,"Porto, Portugal",Portugal,Europe
505,64.51174289245982,76.8756558237146,67.2415955845459,61.49387814243281,2012,"Porto, Portugal",Portugal,Europe
506,53.27564894932014,72.94071353620147,82.97792272955344,76.05592987031805,2017,"Porto, Portugal",Portugal,Europe
507,61.124845488257115,54.81374606505771,70.37129954841947,75.12135043106571,2013,"Porto, Portugal",Portugal,Europe
508,49.88875154511742,64.61175236096538,78.49347717009533,73.66514525827719,2015,"Porto, Portugal",Portugal,Europe
509,48.70210135970334,69.74029380902415,82.59533366783742,74.59247989567486,2016,"Porto, Portugal",Portugal,Europe
510,54.25216316440049,71.0650577124869,79.08931259407926,77.16438455408245,2018,"Porto, Portugal",Portugal,Europe
511,8.121137206427687,62.56558237145856,84.06924234821876,62.783452872563934,2019,"Pretoria, South Africa",South Africa,Africa
512,12.286773794808404,71.35362014690453,84.22604114400401,53.98101861914078,2015,"Pretoria, South Africa",South Africa,Africa
513,10.432632880098886,60.480062959076605,80.17436026091319,54.94457726581178,2018,"Pretoria, South Africa",South Africa,Africa
514,7.651421508034607,56.58447009443863,91.65203211239336,50.88024342534232,2016,"Pretoria, South Africa",South Africa,Africa
515,41.63164400494437,65.30692549842604,84.35775213246363,58.72636383394914,2019,"Quito, Ecuador",Ecuador,South America
516,77.72558714462298,61.73924449108081,43.546161565479174,96.74708396725347,2017,"Reykjavik, Iceland",Iceland,Europe
517,76.09394313967859,74.16054564533056,52.70321123933768,94.1969137144099,2016,"Reykjavik, Iceland",Iceland,Europe
518,81.8912237330037,62.8803777544596,49.4355243351731,94.74027385351008,2019,"Reykjavik, Iceland",Iceland,Europe
519,80.56860321384423,61.07030430220358,35.90065228299045,95.37057161486635,2018,"Reykjavik, Iceland",Iceland,Europe
520,11.236093943139675,22.770199370409237,77.08855995985951,54.4012171267116,2017,"Rio de Janeiro, Brazil",Brazil,South America
521,18.529048207663784,35.89979013641134,70.55318615153034,51.568499601535905,2014,"Rio de Janeiro, Brazil",Brazil,South America
522,24.57354758961681,75.2360965372508,56.67335674862018,36.89053104397596,2012,"Rio de Janeiro, Brazil",Brazil,South America
523,12.076637824474659,25.301678908709327,85.31108881083793,48.10548431500398,2016,"Rio de Janeiro, Brazil",Brazil,South America
524,17.70086526576019,16.95960125918153,75.21951831409935,49.1632253857857,2015,"Rio de Janeiro, Brazil",Brazil,South America
525,12.336217552533991,29.22350472193075,77.69693928750627,54.7489676157357,2018,"Rio de Janeiro, Brazil",Brazil,South America
526,23.522867737948083,55.02360965372509,59.75915704967386,51.0251394624357,2013,"Rio de Janeiro, Brazil",Brazil,South America
527,11.100123609394313,30.167890870933892,84.37656798795786,54.48815474896761,2019,"Rio de Janeiro, Brazil",Brazil,South America
528,83.17676143386895,73.95068205666317,82.1437531359759,55.879156705064105,2016,"Riyadh, Saudi Arabia",Saudi Arabia,Asia
529,81.76761433868974,66.08079748163694,83.56121424987454,53.930305006158065,2017,"Riyadh, Saudi Arabia",Saudi Arabia,Asia
530,66.26699629171817,61.92287513116476,83.29779227295535,53.08990799101645,2018,"Riyadh, Saudi Arabia",Saudi Arabia,Asia
531,67.82447466007416,73.20304302203569,80.78273958855995,54.756212417590376,2015,"Riyadh, Saudi Arabia",Saudi Arabia,Asia
532,71.05067985166872,58.407660020986356,82.53888610135473,53.807143374628716,2019,"Riyadh, Saudi Arabia",Saudi Arabia,Asia
533,34.103831891223734,56.05981112277021,53.63146011038634,53.96652901543143,2014,"Rome, Italy",Italy,Europe
534,38.29419035846724,49.3441762854145,61.00727546412443,55.103962906614505,2015,"Rome, Italy",Italy,Europe
535,41.965389369592096,52.34784889821617,69.73156046161564,57.1107730203579,2019,"Rome, Italy",Italy,Europe
536,38.43016069221261,46.602833158447005,69.61866532865028,52.69144388900962,2016,"Rome, Italy",Italy,Europe
537,40.32138442521632,52.17733473242392,64.11189162067235,56.509454466420344,2018,"Rome, Italy",Italy,Europe
538,30.432632880098875,54.98426023084996,51.63697942799799,56.27037600521626,2013,"Rome, Italy",Italy,Europe
539,38.924598269468476,50.66894018887725,67.08479678876066,57.13975222777657,2017,"Rome, Italy",Italy,Europe
540,25.7478368355995,54.656348373557215,48.444555945810315,30.819387089763087,2012,"Rome, Italy",Italy,Europe
541,75.09270704573548,65.35939139559287,71.6633216256899,62.64580163732522,2018,"Salt Lake City, UT, United States",United States,North America
542,76.34116192830653,66.19884575026235,73.78324134470647,63.39201622835615,2019,"Salt Lake City, UT, United States",United States,North America
543,70.04944375772557,64.49370409234,69.81309583542398,66.81156270376005,2015,"Salt Lake City, UT, United States",United States,North America
544,75.7354758961681,64.72980062959077,70.59708981435023,66.09432732014778,2017,"Salt Lake City, UT, United States",United States,North America
545,48.98640296662546,70.64533053515215,75.32614149523332,75.4038977033978,2018,"San Antonio, TX, United States",United States,North America
546,50.49443757725586,64.95278069254985,74.73030607124937,76.867347678041,2019,"San Antonio, TX, United States",United States,North America
547,62.768850432632895,68.27124868835257,67.95659809332663,80.18546692747951,2019,"San Diego, CA, United States",United States,North America
548,54.01730531520396,65.55613850996853,65.03386853988961,79.96812287183946,2015,"San Diego, CA, United States",United States,North America
549,58.603213844252174,62.30325288562434,61.58429503261414,77.80917191914801,2013,"San Diego, CA, United States",United States,North America
550,60.79110012360938,70.22560335781743,65.76141495233314,76.38194595377817,2016,"San Diego, CA, United States",United States,North America
551,49.085290482076644,59.75865687303254,64.93978926241846,74.5562558864015,2014,"San Diego, CA, United States",United States,North America
552,65.52533992583436,70.81584470094438,65.23457099849472,81.12004636673187,2018,"San Diego, CA, United States",United States,North America
553,62.29913473423978,72.08814270724031,64.657551430005,80.36658697384627,2017,"San Diego, CA, United States",United States,North America
554,46.959208899876394,67.51049317943338,56.03988961364776,79.94638846627545,2019,"San Francisco, CA, United States",United States,North America
555,53.73300370828184,71.4716684155299,54.791771199197186,78.71477215098167,2014,"San Francisco, CA, United States",United States,North America
556,46.72435105067986,69.39926547743967,52.17009533366783,78.30181844526551,2018,"San Francisco, CA, United States",United States,North America
557,67.62669962917181,73.1112277019937,53.675363773206215,79.67833079765268,2013,"San Francisco, CA, United States",United States,North America
558,45.315203955500614,64.11332633788038,51.354741595584535,79.12048105484314,2017,"San Francisco, CA, United States",United States,North America
559,63.065512978986405,49.43599160545646,46.53788258906171,61.94305585742229,2012,"San Francisco, CA, United States",United States,North America
560,53.73300370828184,63.70671563483738,52.69693928750628,74.73013113091358,2015,"San Francisco, CA, United States",United States,North America
561,48.281829419035844,69.35991605456454,48.70797792272954,73.38259798594508,2016,"San Francisco, CA, United States",United States,North America
562,49.62917181705809,54.656348373557215,79.039136979428,48.30109396508005,2015,"Santiago, Chile",Chile,South America
563,49.567367119901114,55.863064008394566,84.62744606121424,48.82996450047092,2016,"Santiago, Chile",Chile,South America
564,41.17428924598269,57.935466946484794,67.8687907676869,28.43584727957691,2012,"Santiago, Chile",Chile,South America
565,55.166872682323856,60.8473242392445,71.81384846964373,47.967833079765256,2013,"Santiago, Chile",Chile,South America
566,45.11742892459826,61.75236096537253,81.78625188158556,53.83612258204739,2019,"Santiago, Chile",Chile,South America
567,42.53399258343634,56.50577124868836,79.91721023582538,49.10526697094834,2017,"Santiago, Chile",Chile,South America
568,46.10630407911001,58.00104931794334,77.87882589061716,51.27146272549445,2018,"Santiago, Chile",Chile,South America
569,47.02101359703337,54.892444910807974,75.36377320622177,47.967833079765256,2014,"Santiago, Chile",Chile,South America
570,31.396786155747836,47.363588667366216,51.498996487706975,31.884372962399482,2012,"Sao Paulo, Brazil",Brazil,South America
571,25.52533992583436,57.80430220356769,61.20797792272954,52.075635731362745,2013,"Sao Paulo, Brazil",Brazil,South America
572,17.98516687268232,43.84837355718783,77.89136979427998,43.86003042816779,2018,"Sao Paulo, Brazil",Brazil,South America
573,18.677379480840546,46.392969569779645,84.22604114400401,45.51909005288705,2019,"Sao Paulo, Brazil",Brazil,South America
574,16.155747836835598,40.7791185729276,74.755393878575,48.18517713540535,2015,"Sao Paulo, Brazil",Brazil,South America
575,18.195302843016073,47.17995802728228,69.14199698946311,50.7425921901036,2014,"Sao Paulo, Brazil",Brazil,South America
576,18.257107540173045,45.776495278069255,77.24535875564477,43.04861262044484,2017,"Sao Paulo, Brazil",Brazil,South America
577,13.671199011124845,44.189401888772295,86.62819869543402,40.049264652611754,2016,"Sao Paulo, Brazil",Brazil,South America
578,53.46106304079109,67.01206715634838,58.31660812844957,82.73563718032312,2018,"Seattle, WA, United States",United States,North America
579,52.262051915945605,69.24186778593915,60.750125439036616,85.15540099978266,2019,"Seattle, WA, United States",United States,North America
580,57.478368355995045,69.88457502623297,61.33968891118916,86.29283489096571,2016,"Seattle, WA, United States",United States,North America
581,58.70210135970334,70.21248688352571,56.74862017059708,82.67767876548577,2017,"Seattle, WA, United States",United States,North America
582,57.62669962917181,63.155823714585544,56.064977420973406,82.75012678403245,2014,"Seattle, WA, United States",United States,North America
583,50.618046971569854,61.47691500524661,56.64199698946312,88.47352024922121,2015,"Seattle, WA, United States",United States,North America
584,76.24227441285538,61.92287513116476,74.85574510787755,40.33181192494386,2014,"Shanghai, China",China,Asia
585,53.13967861557478,52.42654774396642,78.31159056698445,44.34543215243063,2018,"Shanghai, China",China,Asia
586,68.15822002472189,50.20986358866738,75.59583542398394,42.737086140694046,2016,"Shanghai, China",China,Asia
587,43.67119901112483,54.407135362014714,81.99322629202207,47.14192566833296,2019,"Shanghai, China",China,Asia
588,64.73423980222496,51.46904512067157,79.40291018564977,42.19372600159385,2017,"Shanghai, China",China,Asia
589,73.51050679851669,51.154249737670526,77.74084295032614,43.338404694631606,2015,"Shanghai, China",China,Asia
590,53.41161928306551,19.674711437565573,76.97566482689412,3.8035209737013673,2012,"Shanghai, China",China,Asia
591,87.08281829419035,77.36096537250789,69.35524335173106,38.027964935159005,2013,"Shanghai, China",China,Asia
592,83.0407911001236,52.70199370409234,50.0,72.80301383757154,2014,"Singapore, Singapore",Singapore,Asia
593,82.81829419035847,51.28541448058763,47.76718514801807,69.55009780482504,2013,"Singapore, Singapore",Singapore,Asia
594,87.94808405438812,56.650052465897176,52.15127947817359,73.64341085271317,2015,"Singapore, Singapore",Singapore,Asia
595,87.94808405438812,64.71668415529906,61.05745107877571,77.28030138375715,2016,"Singapore, Singapore",Singapore,Asia
596,87.42892459826946,65.43809024134313,56.209232313095825,80.82300949069042,2018,"Singapore, Singapore",Singapore,Asia
597,80.95179233621755,66.34312696747115,69.7629202207727,82.01840179671086,2019,"Singapore, Singapore",Singapore,Asia
598,86.99629171817057,65.77911857292762,61.84771700953337,78.57712091574295,2017,"Singapore, Singapore",Singapore,Asia
599,82.50927070457355,51.482161594963294,50.16934269944807,54.09693544881547,2012,"Singapore, Singapore",Singapore,Asia
600,50.927070457354745,52.715110178384045,81.17787255393878,56.37904803303629,2014,"Sofia, Bulgaria",Bulgaria,Europe
601,51.174289245982685,44.91080797481638,89.92097340692423,61.24031007751938,2017,"Sofia, Bulgaria",Bulgaria,Europe
602,46.996291718170575,52.137985309548796,85.36126442548921,59.79859450844019,2015,"Sofia, Bulgaria",Bulgaria,Europe
603,52.744128553770075,45.16002098635887,88.34044154540892,57.523726726074045,2019,"Sofia, Bulgaria",Bulgaria,Europe
604,46.736711990111246,43.83525708289612,89.95233316608126,63.15293776715207,2016,"Sofia, Bulgaria",Bulgaria,Europe
605,52.37330037082818,43.0351521511018,86.4964877069744,59.936245743678896,2018,"Sofia, Bulgaria",Bulgaria,Europe
606,47.61433868974042,50.40661070304303,78.32413447064727,36.89053104397596,2012,"Sofia, Bulgaria",Bulgaria,Europe
607,47.836835599505555,41.59233997901365,81.32212744606122,49.20669419691371,2013,"Sofia, Bulgaria",Bulgaria,Europe
608,50.90234857849195,63.32633788037776,61.214249874560956,93.62457436789104,2017,"Stockholm, Sweden",Sweden,Europe
609,53.90605686032137,68.10073452256034,42.07225288509784,94.74751865536476,2014,"Stockholm, Sweden",Sweden,Europe
610,74.66007416563656,86.4769150052466,39.394129453085796,90.92226327609941,2012,"Stockholm, Sweden",Sweden,Europe
611,49.17181705809641,63.49685204617,64.1432513798294,93.29131348257624,2019,"Stockholm, Sweden",Sweden,Europe
612,54.36341161928306,67.40556138509969,61.164074259909675,97.18901688038832,2016,"Stockholm, Sweden",Sweden,Europe
613,75.82200247218788,82.34522560335783,36.56547917711991,96.13127580960659,2013,"Stockholm, Sweden",Sweden,Europe
614,50.655129789864034,65.21511017838405,57.620421475163056,96.44280228935742,2015,"Stockholm, Sweden",Sweden,Europe
615,48.67737948084054,62.81479538300106,56.554189663823394,92.95805259726143,2018,"Stockholm, Sweden",Sweden,Europe
616,76.31644004944377,68.54669464847849,71.76367285499248,75.59950735347387,2019,"Stuttgart, Germany",Germany,Europe
617,60.22249690976513,72.04879328436516,56.604365278474646,83.60501340288343,2018,"Sydney, Australia",Australia,Oceania
618,57.750309023485784,68.57292759706192,59.577270446562956,84.63377526624647,2017,"Sydney, Australia",Australia,Oceania
619,54.09147095179232,68.23189926547744,62.826141495233315,84.38745200318772,2016,"Sydney, Australia",Australia,Oceania
620,57.08281829419034,66.60545645330537,50.55193176116408,82.98920524523655,2015,"Sydney, Australia",Australia,Oceania
621,59.85166872682324,69.56977964323191,64.36904164576015,82.85879881185251,2019,"Sydney, Australia",Australia,Oceania
622,66.94684796044497,67.61542497376706,28.2865027596588,91.697457074549,2013,"Sydney, Australia",Australia,Oceania
623,73.86897404202719,76.8756558237146,26.27947817360761,86.85068463377527,2012,"Sydney, Australia",Australia,Oceania
624,60.7416563658838,64.67733473242393,43.38936276969392,90.8280808519887,2014,"Sydney, Australia",Australia,Oceania
625,48.40543881334982,61.6080797481637,69.34269944806823,84.45265521987973,2019,"Tampa, FL, United States",United States,North America
626,52.34857849196538,64.40188877229801,66.02483692925237,88.55321306962256,2017,"Tampa, FL, United States",United States,North America
627,68.64029666254633,74.3572927597062,62.6944305067737,68.07940302832716,2016,"Tel Aviv-Yafo, Israel",Israel,Asia
628,67.6514215080346,77.17733473242393,59.884596086302054,65.9711656886184,2015,"Tel Aviv-Yafo, Israel",Israel,Asia
629,57.58961681087763,71.55036726128017,56.86151530356246,69.73121785119176,2018,"Tel Aviv-Yafo, Israel",Israel,Asia
630,69.159456118665,69.35991605456454,64.32513798294029,73.78106208795191,2019,"Tel Aviv-Yafo, Israel",Israel,Asia
631,68.76390605686032,73.33420776495278,63.290265930757634,67.05064116496413,2017,"Tel Aviv-Yafo, Israel",Israel,Asia
632,67.40420271940665,65.17576075550892,60.86929252383341,71.15844381656161,2014,"Thessaloniki, Greece",Greece,Europe
633,65.25339925834362,54.49895068205667,72.80481685900652,58.63218140983846,2018,"Thessaloniki, Greece",Greece,Europe
634,64.28924598269468,47.83578174186779,78.1046161565479,59.57400565094545,2019,"Thessaloniki, Greece",Greece,Europe
635,65.59950556242272,62.30325288562434,78.48720521826392,59.79859450844019,2017,"Thessaloniki, Greece",Greece,Europe
636,68.98640296662545,73.57030430220358,80.89563472152534,63.44997464319352,2016,"Thessaloniki, Greece",Greece,Europe
637,56.01977750309023,55.377754459601256,58.7180130456598,60.35644425124973,2013,"Thessaloniki, Greece",Greece,Europe
638,67.62669962917181,75.22298006295908,71.75112895132966,73.52024922118379,2015,"Thessaloniki, Greece",Greece,Europe
639,46.32880098887515,44.92392444910809,47.19016557952834,42.20097080344853,2012,"Thessaloniki, Greece",Greece,Europe
640,86.65018541409147,77.79380902413429,54.697691921726026,71.45548069260306,2018,"Tokyo, Japan",Japan,Asia
641,82.39802224969097,76.088667366212,60.1668339187155,80.15648772006084,2016,"Tokyo, Japan",Japan,Asia
642,87.08281829419035,79.91867785939141,58.059458103361756,73.06382670433963,2019,"Tokyo, Japan",Japan,Asia
643,79.04820766378243,85.66369359916055,59.96613146011039,80.00434688111281,2015,"Tokyo, Japan",Japan,Asia
644,90.29666254635352,67.95645330535153,35.76266934269944,81.97493298558285,2013,"Tokyo, Japan",Japan,Asia
645,83.34981458590852,77.36096537250789,48.1811339688911,78.02651597478807,2014,"Tokyo, Japan",Japan,Asia
646,100.0,99.22612801678908,25.238334169593557,67.37665724842425,2012,"Tokyo, Japan",Japan,Asia
647,83.21384425216316,73.17681007345226,56.47892624184646,73.67963486198653,2017,"Tokyo, Japan",Japan,Asia
648,68.35599505562422,66.67103882476391,62.267937782237844,77.86713033398536,2015,"Toronto, Canada",Canada,North America
649,63.4487021013597,72.29800629590767,62.93276467636727,77.92508874882273,2019,"Toronto, Canada",Canada,North America
650,64.30160692212607,69.34679958027284,69.44305067737079,75.3604288922698,2017,"Toronto, Canada",Canada,North America
651,73.62175525339924,60.8473242392445,51.12895132965379,86.64783018184454,2013,"Toronto, Canada",Canada,North America
652,65.94561186650185,64.61175236096538,72.22779729051679,73.12902992103163,2016,"Toronto, Canada",Canada,North America
653,63.733003708281814,71.64218258132216,66.35725037631711,78.07722958777077,2018,"Toronto, Canada",Canada,North America
654,68.22002472187886,66.68415529905563,46.688409433015536,74.62145910309353,2012,"Toronto, Canada",Canada,North America
655,72.06427688504327,67.09076600209865,57.576517812343205,83.48185177135406,2014,"Toronto, Canada",Canada,North America
656,85.56242274412855,70.48793284365163,60.072754641244366,74.87502716800695,2015,"Trieste, Italy",Italy,Europe
657,36.65018541409147,62.30325288562434,70.48419468138484,53.65500253568064,2019,"Turin, Italy",Italy,Europe
658,33.89369592088997,64.04774396642182,70.81033617661815,48.3373179743534,2016,"Turin, Italy",Italy,Europe
659,28.40543881334981,62.78856243441764,63.03938785750124,48.518438020720126,2015,"Turin, Italy",Italy,Europe
660,39.55500618046971,61.39821615949634,72.76091319618666,50.53973773817285,2017,"Turin, Italy",Italy,Europe
661,37.88627935723115,65.80535152151103,66.5328650275966,51.44533797000652,2018,"Turin, Italy",Italy,Europe
662,74.41285537700864,79.06610703043023,72.49121926743602,78.88864739549373,2015,"Valencia, Spain",Spain,Europe
663,70.21013597033374,81.8205666316894,79.62870045158053,73.7086140694052,2019,"Valencia, Spain",Spain,Europe
664,55.389369592089004,83.5781741867786,75.6961866532865,74.71564152720424,2018,"Valencia, Spain",Spain,Europe
665,63.040791100123606,69.53043022035678,66.12518815855492,87.28537274505544,2018,"Vancouver, Canada",Canada,North America
666,63.226205191594545,70.29118572927598,67.93778223783241,86.9158878504673,2017,"Vancouver, Canada",Canada,North America
667,59.41903584672435,66.42182581322143,72.76091319618666,89.03861479388539,2016,"Vancouver, Canada",Canada,North America
668,63.831891223732995,80.49580272822665,52.00075263421977,86.15518365572703,2014,"Vancouver, Canada",Canada,North America
669,70.37082818294189,83.9585519412382,48.50727546412442,87.2419039339274,2013,"Vancouver, Canada",Canada,North America
670,62.63288009888751,70.88142707240296,70.960863020572,88.62566108816924,2019,"Vancouver, Canada",Canada,North America
671,62.21260815822002,72.75708289611754,56.96813848469644,90.48757516481925,2015,"Vancouver, Canada",Canada,North America
672,60.08652657601976,85.25708289611754,44.03537380832914,67.37665724842425,2012,"Vancouver, Canada",Canada,North America
673,79.5302843016069,76.3903462749213,64.21224284997491,91.66847786713032,2018,"Vienna, Austria",Austria,Europe
674,72.83065512978985,77.49213011542498,72.22152533868541,90.07462145910307,2016,"Vienna, Austria",Austria,Europe
675,70.51915945611866,76.15424973767053,56.98695434019066,87.16945591538071,2014,"Vienna, Austria",Austria,Europe
676,80.53152039555005,80.44333683105981,70.51555444054189,91.66847786713032,2017,"Vienna, Austria",Austria,Europe
677,79.61681087762669,77.82004197271775,70.18314099347717,93.10294863435485,2019,"Vienna, Austria",Austria,Europe
678,69.76514215080346,80.10230849947536,65.22829904666332,87.28537274505544,2015,"Vienna, Austria",Austria,Europe
679,67.39184177997528,65.42497376705141,83.90617160060211,86.72027820039122,2017,"Vilnius, Lithuania",Lithuania,Europe
680,69.29542645241037,63.68048268625394,79.50326141495232,84.88009852930524,2018,"Vilnius, Lithuania",Lithuania,Europe
681,71.42150803461061,61.686778593913964,83.26643251379829,86.53915815402449,2019,"Vilnius, Lithuania",Lithuania,Europe
682,71.43386897404201,69.87145855194125,75.15052684395383,93.76222560312976,2014,"Vilnius, Lithuania",Lithuania,Europe
683,60.55624227441285,64.92654774396642,84.21349724034118,86.98109106715931,2016,"Vilnius, Lithuania",Lithuania,Europe
684,71.42150803461061,66.19884575026235,79.76041144004012,86.16242845758171,2015,"Vilnius, Lithuania",Lithuania,Europe
685,72.96662546353521,75.53777544596014,74.76793778223782,95.83423893356516,2013,"Vilnius, Lithuania",Lithuania,Europe
686,69.48084054388133,50.53777544596014,83.4044154540893,65.46402955879157,2015,"Warsaw, Poland",Poland,Europe
687,74.62299134734239,56.295907660021,86.79126944305071,65.11627906976744,2019,"Warsaw, Poland",Poland,Europe
688,66.1433868974042,54.60388247639035,83.23507275464124,67.79685575599507,2018,"Warsaw, Poland",Poland,Europe
689,64.91965389369592,46.48478488982162,76.77496236828901,64.99311743823806,2014,"Warsaw, Poland",Poland,Europe
690,67.89864029666253,57.200944386149004,76.42373306573005,63.573136274722884,2013,"Warsaw, Poland",Poland,Europe
691,74.9443757725587,54.892444910807974,87.97666833918717,66.89850032601609,2016,"Warsaw, Poland",Poland,Europe
692,75.16687268232384,53.93494228751311,87.95158053186151,71.40476707962037,2017,"Warsaw, Poland",Poland,Europe
693,58.75154511742893,38.65424973767053,77.5275965880582,45.64225168441643,2012,"Warsaw, Poland",Poland,Europe
694,36.687268232385655,68.02203567681008,55.83918715504265,76.96877490400638,2019,"Washington, DC, United States",United States,North America
695,36.41532756489493,66.48740818467995,55.870546914199686,77.72223429689198,2018,"Washington, DC, United States",United States,North America
696,70.82818294190358,63.14270724029382,50.7589061716006,96.37759907266536,2015,"Wellington, New Zealand",New Zealand,Oceania
697,70.59332509270705,65.33315844700945,65.05268439538385,97.33391291748173,2017,"Wellington, New Zealand",New Zealand,Oceania
698,68.99876390605685,60.71615949632741,63.2589061716006,97.6671738027965,2016,"Wellington, New Zealand",New Zealand,Oceania
699,69.44375772558713,70.56663168940189,48.130958354239816,94.89241469245815,2014,"Wellington, New Zealand",New Zealand,Oceania
700,71.66872682323856,69.6878279118573,68.15102860010036,94.39252336448598,2019,"Wellington, New Zealand",New Zealand,Oceania
701,70.50679851668725,67.81217208814272,62.81359759157049,96.81953198580021,2018,"Wellington, New Zealand",New Zealand,Oceania
702,39.02348578491965,63.942812172088146,75.62719518314098,76.93979569658771,2019,"Winnipeg, Canada",Canada,North America
703,40.3708281829419,62.17208814270725,68.86603110888107,73.00586828950227,2018,"Winnipeg, Canada",Canada,North America
704,37.082818294190346,61.88352570828961,66.08755644756647,83.52532058248207,2015,"Winnipeg, Canada",Canada,North America
705,43.67119901112483,61.24081846799582,69.49949824385348,76.21531551112076,2017,"Winnipeg, Canada",Canada,North America
706,43.85661310259579,67.2743966421826,73.62017059708981,78.85242338622038,2016,"Winnipeg, Canada",Canada,North America
707,44.2027194066749,59.61437565582371,89.23105870546914,48.88792291530826,2017,"Yekaterinburg, Russia",Russia,Asia
708,47.62669962917181,56.42707240293811,92.00326141495232,51.945229297978706,2019,"Yekaterinburg, Russia",Russia,Asia
709,45.7478368355995,64.15267576075551,87.16131460110388,49.34434543215243,2018,"Yekaterinburg, Russia",Russia,Asia
710,70.55624227441284,39.11332633788038,92.13497240341194,62.47192639281314,2018,"Yerevan, Armenia",Armenia,Europe
711,68.57849196538936,37.526232948583434,87.57526342197691,54.28530029703688,2015,"Yerevan, Armenia",Armenia,Europe
712,71.42150803461061,41.907135362014714,91.83391871550428,61.83438382960226,2017,"Yerevan, Armenia",Armenia,Europe
713,79.83930778739183,36.94910807974817,93.06949322629202,63.81221473592697,2019,"Yerevan, Armenia",Armenia,Europe
714,68.59085290482075,57.751836306400854,82.82112393376819,78.1641672100268,2016,"Zagreb, Croatia",Croatia,Europe
715,67.57725587144621,43.363064008394566,68.03186151530356,73.59269723973048,2013,"Zagreb, Croatia",Croatia,Europe
716,75.3399258343634,60.02098635886675,77.15755143000501,79.43925233644859,2018,"Zagreb, Croatia",Croatia,Europe
717,72.12608158220023,63.39192025183631,83.07200200702458,79.07701224371512,2017,"Zagreb, Croatia",Croatia,Europe
718,67.23114956736714,57.71248688352571,75.6961866532865,78.05549518220677,2015,"Zagreb, Croatia",Croatia,Europe
719,77.42892459826945,60.04721930745016,81.47265429001504,81.88075056147215,2019,"Zagreb, Croatia",Croatia,Europe
720,67.18170580964153,56.112277019937046,68.78449573507275,80.10577410707815,2014,"Zagreb, Croatia",Croatia,Europe
721,84.90729295426452,72.50786988457503,33.96261916708478,93.86365282909512,2019,"Zurich, Switzerland",Switzerland,Europe
722,83.99258343634115,72.16684155299056,24.943552433517297,93.78396000869377,2018,"Zurich, Switzerland",Switzerland,Europe
723,88.51668726823239,76.8756558237146,13.24009031610636,91.82061870607842,2013,"Zurich, Switzerland",Switzerland,Europe
724,83.18912237330036,67.72035676810074,25.06271951831409,91.79888430051436,2015,"Zurich, Switzerland",Switzerland,Europe
725,83.0778739184178,66.97271773347326,31.378575012543894,96.41382308193873,2016,"Zurich, Switzerland",Switzerland,Europe
726,87.52781211372063,76.15424973767053,9.37656798795784,86.21314207056439,2012,"Zurich, Switzerland",Switzerland,Europe
727,85.06798516687267,70.72402938090242,31.974410436527833,95.22567557777296,2017,"Zurich, Switzerland",Switzerland,Europe
728,81.40914709517924,73.30797481636937,14.770446562970376,92.99427660653481,2014,"Zurich, Switzerland",Switzerland,Europe
