,Safety Index,Health Care Index,Cost of Living Index,Pollution Index,Year,City
0,86.8355995055624,48.51783840503675,74.98118414450576,65.4567847569369,2016,"Abu Dhabi, United Arab Emirates"
1,88.31891223733004,50.68205666316896,72.16507777220271,65.92769687749039,2017,"Abu Dhabi, United Arab Emirates"
2,90.64276885043265,55.49580272822665,72.78600100351228,68.29674708396726,2018,"Abu Dhabi, United Arab Emirates"
3,93.93077873918415,64.29695697796433,74.24736578023081,70.98456857204955,2019,"Abu Dhabi, United Arab Emirates"
4,91.23609394313965,37.119622245540405,74.47315604616156,57.741070781714114,2015,"Abu Dhabi, United Arab Emirates"
5,65.14215080346105,69.18940188877231,59.583542398394364,90.09635586466709,2018,"Adelaide, Australia"
6,67.73794808405438,71.4585519412382,71.2180130456598,91.16134173730349,2019,"Adelaide, Australia"
7,57.552533992583434,61.490031479538295,64.68263923733065,86.53191335216982,2016,"Adelaide, Australia"
8,55.624227441285534,56.492654774396655,51.50526843953836,88.4880098529305,2015,"Adelaide, Australia"
9,56.41532756489492,47.914480587618065,37.6317109884596,96.25443744113599,2013,"Adelaide, Australia"
10,65.80964153275649,70.26495278069257,63.202458605117904,89.48779250887488,2017,"Adelaide, Australia"
11,56.00741656365885,54.2890870933893,48.85850476668338,86.5826269651525,2014,"Adelaide, Australia"
18,23.36217552533993,63.628016789087106,72.30933266432513,90.41512714627257,2018,"Albuquerque, NM, United States"
19,22.65760197775031,68.86149003147955,73.26894129453083,89.08208360501341,2019,"Albuquerque, NM, United States"
25,46.60074165636589,63.96904512067157,78.95760160561966,48.982105339418965,2016,"Amman, Jordan"
26,48.41779975278121,63.73294858342079,74.25363773206222,47.30855611099036,2015,"Amman, Jordan"
27,52.11372064276885,68.0351521511018,74.77420973406925,46.31601825690068,2017,"Amman, Jordan"
28,56.06922126081581,61.726128016789104,77.93527345709985,48.496703615156115,2019,"Amman, Jordan"
29,55.587144622991325,67.31374606505773,76.86276969392874,47.63457219445047,2018,"Amman, Jordan"
30,45.352286773794795,69.51731374606507,73.43828399397894,49.43128305440847,2014,"Amman, Jordan"
31,62.89245982694685,62.57869884575028,65.68615153035624,77.22234296891979,2016,"Amsterdam, Netherlands"
32,64.87021013597031,66.9202518363064,62.80732563973909,83.1196116786206,2019,"Amsterdam, Netherlands"
33,66.5265760197775,58.90608604407136,58.22252885097842,80.62739984061436,2015,"Amsterdam, Netherlands"
34,67.19406674907293,69.59601259181535,64.60737581535373,82.17054263565892,2017,"Amsterdam, Netherlands"
35,65.87144622991346,69.11070304302204,57.62669342699448,83.60501340288343,2018,"Amsterdam, Netherlands"
36,59.22126081582199,29.839979013641138,83.19116909182138,46.64927914221546,2014,"Ankara, Turkey"
37,73.53522867737948,65.58237145855195,74.86201705970899,48.199666739114676,2013,"Ankara, Turkey"
38,54.52410383189121,66.22507869884575,90.12167586552937,52.19155256103746,2017,"Ankara, Turkey"
39,53.79480840543882,65.83158447009443,87.6881585549423,52.04665652394407,2018,"Ankara, Turkey"
40,50.407911001236094,61.89664218258133,85.92574009031608,57.2266898500326,2016,"Ankara, Turkey"
41,56.37824474660072,62.001573976915004,92.02834922227795,53.55357530971528,2019,"Ankara, Turkey"
42,58.88751545117428,56.96484784889822,83.27897641746111,48.5039484170108,2015,"Ankara, Turkey"
43,64.14091470951793,75.41972717733474,68.26392373306572,61.74744620734622,2019,"Antwerp, Belgium"
44,44.79604449938195,39.40188877229801,76.78123432012042,56.53843367383902,2017,"Athens, Greece"
45,42.78121137206428,38.32633788037776,59.12568991470146,62.07346229080634,2014,"Athens, Greece"
46,46.22991347342397,41.146379853095496,72.97415955845459,59.95798014924291,2018,"Athens, Greece"
47,47.330037082818286,43.25813221406088,78.411941796287,59.95798014924291,2016,"Athens, Greece"
48,33.16440049443757,41.93336831059811,49.85574510787757,3.984641020068111,2012,"Athens, Greece"
49,48.02224969097651,45.474816369359935,76.9631209232313,63.21089618198942,2019,"Athens, Greece"
50,36.42768850432632,34.614375655823714,55.939538384345205,53.40867927262189,2013,"Athens, Greece"
51,45.01854140914709,38.50996852046171,69.3301555444054,63.29058900239079,2015,"Athens, Greece"
52,28.368355995055623,67.5367261280168,66.05619668840943,65.4785191625009,2016,"Atlanta, GA, United States"
53,33.49814585908529,64.0083945435467,66.05619668840943,50.575961747446215,2015,"Atlanta, GA, United States"
54,27.156983930778733,58.63064008394546,66.51404917210236,69.37622256031297,2018,"Atlanta, GA, United States"
55,27.37948084054388,60.21773347324239,65.81159056698444,65.8552488589437,2017,"Atlanta, GA, United States"
56,28.838071693448697,58.35519412381952,68.21374811841444,73.02760269506629,2019,"Atlanta, GA, United States"
57,51.10012360939432,65.58237145855195,60.91319618665328,84.71346808664785,2017,"Auckland, New Zealand"
58,50.18541409147096,68.94018887722983,53.17360762669343,86.96660146344999,2015,"Auckland, New Zealand"
59,50.63040791100122,72.38982161594964,65.25338685398896,84.67724407737448,2019,"Auckland, New Zealand"
60,54.239802224969104,72.25865687303255,63.120923231309575,83.25001811200464,2016,"Auckland, New Zealand"
61,50.346106304079115,69.56977964323191,59.01279478173606,84.97428095341594,2018,"Auckland, New Zealand"
62,46.46477132262051,68.74344176285415,46.080030105368785,84.38745200318772,2014,"Auckland, New Zealand"
63,45.21631644004943,68.37618048268625,41.65830406422478,80.21444613489821,2013,"Auckland, New Zealand"
64,64.56118665018539,67.99580272822665,67.07852483692925,79.0842570455698,2017,"Austin, TX, United States"
65,64.72187886279357,66.71038824763905,69.66884094330155,78.62783452872564,2019,"Austin, TX, United States"
66,54.9567367119901,70.6846799580273,60.71876567987958,79.9101644570021,2013,"Austin, TX, United States"
67,56.5389369592089,73.28174186778595,69.48695434019066,71.78874157791785,2016,"Austin, TX, United States"
68,56.36588380716934,76.23294858342081,64.45057701956847,73.67963486198653,2015,"Austin, TX, United States"
69,64.69715698393077,72.02256033578175,68.08830908178625,81.06208795189451,2018,"Austin, TX, United States"
70,74.42521631644004,22.23242392444911,93.89739086803812,45.66398608998043,2018,"Baku, Azerbaijan"
71,73.53522867737948,21.196222455403994,95.60336176618164,42.60667970731,2017,"Baku, Azerbaijan"
72,71.10012360939429,22.494753410283312,94.91344706472654,47.72150981670652,2019,"Baku, Azerbaijan"
83,51.532756489493195,82.01731374606506,83.00301053687906,52.314714192566825,2016,"Bangkok, Thailand"
84,50.93943139678615,77.12486883525709,78.88233818364273,51.90900528870535,2019,"Bangkok, Thailand"
85,62.86773794808404,100.0,76.16658304064225,50.88748822719698,2013,"Bangkok, Thailand"
86,47.46600741656364,81.89926547743967,82.39463120923232,53.046439179888424,2017,"Bangkok, Thailand"
87,52.447466007416544,95.57974816369362,76.61189162067234,40.20865029341447,2012,"Bangkok, Thailand"
88,60.58096415327565,92.37932843651629,80.41269443050679,47.15641527204231,2014,"Bangkok, Thailand"
89,49.320148331273174,81.46642182581324,78.54365278474661,51.55400999782657,2018,"Bangkok, Thailand"
90,63.36217552533992,87.48688352570831,80.85800301053688,47.86640585379989,2015,"Bangkok, Thailand"
96,56.22991347342398,50.82633788037776,58.040642247867524,50.45280011591682,2013,"Barcelona, Spain"
97,58.47960444993818,69.87145855194125,75.1944305067737,55.11120770846917,2017,"Barcelona, Spain"
98,55.83436341161928,66.93336831059814,74.10938283993978,53.995508222850106,2016,"Barcelona, Spain"
99,55.43881334981458,65.25445960125919,70.29603612644254,52.40889661667753,2015,"Barcelona, Spain"
100,50.828182941903584,68.50734522560337,69.78800802809836,54.81417083242773,2018,"Barcelona, Spain"
101,54.64771322620518,72.98006295907659,75.77772202709481,57.71933637615011,2019,"Barcelona, Spain"
102,56.97156983930778,65.62172088142708,62.02333166081284,54.01724262841411,2014,"Barcelona, Spain"
103,56.00741656365885,60.821091290661094,82.85248369292523,37.81786568137361,2017,"Beijing, China"
104,62.27441285537701,47.00944386149004,81.30331159056699,40.867927262189376,2016,"Beijing, China"
105,51.14956736711989,53.567681007345236,80.3123432012042,35.10106498587264,2015,"Beijing, China"
106,42.23733003708281,57.14847848898215,86.12017059708981,41.143229732666825,2019,"Beijing, China"
107,48.04697156983929,58.26337880377756,84.62744606121424,38.832137941027305,2018,"Beijing, China"
108,51.79233621755253,64.3887722980063,75.64601103863522,39.868144606245025,2019,"Beirut, Lebanon"
109,50.67985166872682,45.18625393494229,64.69518314099346,39.46243570238354,2013,"Beirut, Lebanon"
110,45.71075401730532,57.332109129066104,67.36076266934269,41.476490617981604,2014,"Beirut, Lebanon"
111,46.699629171817044,62.95907660020987,73.22503763171099,42.1140331811925,2017,"Beirut, Lebanon"
112,42.632880098887505,66.25131164742919,69.71901655795283,39.02050278924872,2015,"Beirut, Lebanon"
113,44.26452410383189,68.49422875131165,71.90792774711491,38.04245453886836,2016,"Beirut, Lebanon"
114,45.79728059332509,65.18887722980064,72.74836929252383,39.99130623777439,2018,"Beirut, Lebanon"
115,65.38936959208898,17.85152151101784,55.34370296036126,100.0,2013,"Belfast, United Kingdom"
127,86.885043263288,85.55876180482689,15.35373808329152,91.80612910236906,2013,"Bergen, Norway"
128,88.0469715698393,91.395592864638,25.708730556949305,94.4070129681953,2014,"Bergen, Norway"
129,56.847960444993824,72.90136411332634,66.921726041144,75.47634572194451,2018,"Berlin, Germany"
130,62.10135970333745,77.36096537250789,73.28148519819365,74.87502716800695,2017,"Berlin, Germany"
131,67.25587144622989,72.50786988457503,66.6708479678876,84.68448887922915,2015,"Berlin, Germany"
132,58.281829419035844,66.30377754459602,70.49673858504768,75.97623704991669,2019,"Berlin, Germany"
133,79.48084054388133,59.142182581322146,57.67686904164576,76.43265956676085,2012,"Berlin, Germany"
134,59.85166872682324,73.8588667366212,71.92674360260914,77.84539592842137,2016,"Berlin, Germany"
135,77.601977750309,60.02098635886675,61.97315604616156,85.19886981091068,2013,"Berlin, Germany"
136,73.18912237330036,69.98950682056665,60.530607124937276,85.0974425849453,2014,"Berlin, Germany"
146,66.87268232385661,75.06558237145856,58.93753135975915,88.05332174165035,2018,"Boston, MA, United States"
147,56.650185414091474,78.52833158447011,57.482438534872045,87.23465913207274,2015,"Boston, MA, United States"
148,63.300370828182935,70.39611752360966,57.46362267937781,87.60414402666088,2017,"Boston, MA, United States"
149,57.19406674907293,76.49527806925502,50.20697441043652,97.08758965442296,2013,"Boston, MA, United States"
150,66.44004944375773,73.29485834207766,61.67837431008529,87.08976309497935,2019,"Boston, MA, United States"
151,58.20766378244747,77.78069254984261,60.4114400401405,87.34333115989277,2016,"Boston, MA, United States"
152,59.54264524103832,78.21353620146905,55.2433517310587,87.5968992248062,2014,"Boston, MA, United States"
159,65.42645241038318,55.50891920251837,82.3256397390868,73.41157719336375,2016,"Bratislava, Slovakia"
160,64.9567367119901,44.818992654774405,79.41545408931259,72.85372745055423,2015,"Bratislava, Slovakia"
161,70.79110012360937,57.09601259181533,83.68038133467134,75.05614721437368,2017,"Bratislava, Slovakia"
162,70.06180469715697,50.695173137460664,83.17862518815855,71.87567920017385,2019,"Bratislava, Slovakia"
163,64.9938195302843,52.465897166841565,69.40541896638233,80.84474389625443,2013,"Bratislava, Slovakia"
164,69.5550061804697,56.97796432318994,79.89212242849975,74.95471998840831,2018,"Bratislava, Slovakia"
165,64.38813349814585,79.99737670514166,61.9982438534872,88.69086430486126,2018,"Brisbane, Australia"
166,60.21013597033374,76.15424973767053,53.644004014049166,90.22676229805114,2015,"Brisbane, Australia"
167,65.09270704573547,81.96484784889822,69.76919217260411,90.34267912772587,2019,"Brisbane, Australia"
168,43.69592088998763,87.08027282266526,36.408680381334655,81.86626095776279,2012,"Brisbane, Australia"
169,62.83065512978985,78.44963273871984,65.54189663823382,90.01666304426573,2016,"Brisbane, Australia"
170,62.95426452410382,78.64637985309551,63.484696437531355,89.69064696080562,2017,"Brisbane, Australia"
171,50.828182941903584,90.72665267576076,32.61414952333165,90.58900239078459,2013,"Brisbane, Australia"
172,61.32262051915944,72.7046169989507,46.80757651781235,90.6831848148953,2014,"Brisbane, Australia"
183,36.996291718170575,84.35204616998952,41.63321625689913,40.20865029341447,2012,"Brussels, Belgium"
184,46.427688504326326,76.65267576075551,66.21299548419468,60.12461059190031,2019,"Brussels, Belgium"
185,42.16316440049443,70.80272822665269,55.34997491219266,56.118235166268185,2015,"Brussels, Belgium"
186,44.06674907292953,76.95435466946485,61.06999498243854,59.55951604723611,2018,"Brussels, Belgium"
187,40.074165636588376,74.43599160545645,63.94254892122429,54.35774831558357,2016,"Brussels, Belgium"
188,41.001236093943135,80.83683105981112,47.058454591068745,63.46446424690285,2013,"Brussels, Belgium"
189,44.017305315203956,66.68415529905563,48.41946813848469,56.900673766572496,2014,"Brussels, Belgium"
190,40.098887515451175,75.35414480587619,65.96211741093828,58.34963413750634,2017,"Brussels, Belgium"
191,68.07169344870209,40.07082896117525,80.84545910687406,38.28153300007246,2014,"Bucharest, Romania"
192,71.79233621755253,45.90766002098636,85.69994982438534,53.19133521698181,2018,"Bucharest, Romania"
193,71.74289245982693,41.74973767051417,89.36276969392875,53.77091936535536,2017,"Bucharest, Romania"
194,73.20148331273177,44.55666316894019,88.69794279979929,51.894515684996,2019,"Bucharest, Romania"
195,70.08652657601975,42.982686253934965,90.06522829904665,52.96674635948707,2016,"Bucharest, Romania"
196,66.19283065512978,42.40556138509969,79.71023582538886,38.86836195030065,2013,"Bucharest, Romania"
197,72.73176761433868,46.760230849947526,79.67887606623181,3.4702600883865813,2012,"Bucharest, Romania"
198,68.83807169344871,41.59233997901365,85.44279979929755,50.307904078823434,2015,"Bucharest, Romania"
199,59.99999999999999,37.972193074501575,75.08153537380832,65.49300876621024,2014,"Budapest, Hungary"
200,56.1186650185414,45.69779643231901,81.45383843452082,67.68093892632037,2015,"Budapest, Hungary"
201,65.24103831891222,53.384050367261295,75.1317109884596,59.9145113381149,2013,"Budapest, Hungary"
202,61.80469715698392,39.44123819517314,81.54791771199197,65.87698326450771,2018,"Budapest, Hungary"
203,62.36093943139679,35.362014690451204,84.95985950827897,67.20278200391219,2019,"Budapest, Hungary"
204,70.60568603213844,59.142182581322146,72.37832413447066,40.02753024704774,2012,"Budapest, Hungary"
205,56.66254635352286,42.143231899265494,86.84771700953337,67.23900601318553,2016,"Budapest, Hungary"
206,59.72805933250926,43.717208814270734,86.00100351229301,67.4853292762443,2017,"Budapest, Hungary"
207,45.89616810877625,74.79013641133264,67.33567486201706,30.428167789610953,2012,"Buenos Aires, Argentina"
208,30.346106304079107,67.58919202518364,78.38058203712995,64.0875172064044,2018,"Buenos Aires, Argentina"
209,30.506798516687258,78.80377754459602,66.65203211239337,62.573353618778526,2015,"Buenos Aires, Argentina"
210,39.33250927070457,81.16474291710387,68.8158554942298,61.51561254799682,2014,"Buenos Aires, Argentina"
211,31.95302843016069,69.12381951731376,79.20220772704465,61.49387814243281,2017,"Buenos Aires, Argentina"
212,33.992583436341164,77.97743966421827,66.94054189663822,57.25566905745128,2013,"Buenos Aires, Argentina"
213,30.605686032138443,74.31794333683106,70.98595082789764,59.23349996377598,2016,"Buenos Aires, Argentina"
214,29.777503090234863,64.8740818467996,91.39488208730559,65.92769687749039,2019,"Buenos Aires, Argentina"
215,74.38813349814585,77.46589716684156,86.20170597089815,86.78548141708325,2016,"Bursa, Turkey"
216,78.3436341161928,78.21353620146905,90.94330155544405,75.96174744620734,2019,"Bursa, Turkey"
217,81.06304079110012,87.64428121720883,91.38233818364273,83.61950300659277,2017,"Bursa, Turkey"
218,86.76143386897405,75.10493179433371,82.59533366783742,85.04672897196262,2015,"Bursa, Turkey"
219,83.1025957972806,81.59758656873035,88.28399397892626,78.18590161559081,2018,"Bursa, Turkey"
220,59.69097651421506,67.03830010493179,80.48795785248369,11.591682967470847,2012,"Cairo, Egypt"
221,38.41779975278121,31.466421825813228,96.92047165077773,36.77461421430125,2018,"Cairo, Egypt"
222,32.027194066749075,41.146379853095496,89.58855995985952,32.36252988480766,2015,"Cairo, Egypt"
223,42.71940667490729,30.417103882476386,96.05494229804313,37.50633920162283,2019,"Cairo, Egypt"
224,41.817058096415316,47.7046169989507,88.71048670346212,35.0865753821633,2014,"Cairo, Egypt"
225,35.463535228677365,35.04721930745016,89.87079779227295,33.61588060566544,2016,"Cairo, Egypt"
226,47.15698393077872,48.21615949632739,85.20446562970395,35.60095631384482,2013,"Cairo, Egypt"
227,38.380716934487026,29.839979013641138,99.25990968389362,35.86901398246759,2017,"Cairo, Egypt"
228,66.46477132262052,64.3756558237146,57.532614149523326,87.5027168006955,2015,"Calgary, Canada"
229,67.44128553770085,70.48793284365163,65.59207225288509,87.2926175469101,2018,"Calgary, Canada"
230,67.45364647713225,61.647429171038844,69.27370797792273,82.96747083967253,2016,"Calgary, Canada"
231,66.88504326328801,65.35939139559287,66.36352232814853,87.55343041367819,2017,"Calgary, Canada"
232,68.68974042027193,74.13431269674712,70.63472152533869,87.04629428385134,2019,"Calgary, Canada"
233,66.57601977750309,67.32686253934943,52.87255393878574,89.06034919944939,2014,"Calgary, Canada"
234,70.98887515451173,72.94071353620147,47.62920220772703,93.82018401796712,2013,"Calgary, Canada"
235,72.73176761433868,66.50052465897168,43.470898143502254,87.2419039339274,2012,"Calgary, Canada"
237,72.84301606922125,83.39454354669466,65.74259909683893,97.82655944359922,2016,"Canberra, Australia"
238,81.11248454882568,78.94805876180483,69.80055193176116,95.30536839817431,2019,"Canberra, Australia"
239,69.35723114956737,71.55036726128017,52.72202709483192,99.42041585162646,2015,"Canberra, Australia"
240,57.60197775030902,94.67471143756559,30.644756648268924,98.54379482721147,2013,"Canberra, Australia"
241,75.24103831891225,80.41710388247641,64.90215755143001,94.75476345721943,2017,"Canberra, Australia"
242,63.57231149567366,81.49265477439664,49.153286502759634,94.71853944794609,2014,"Canberra, Australia"
243,81.31025957972805,84.14218258132216,62.79478173607626,95.34883720930232,2018,"Canberra, Australia"
244,18.961681087762674,75.59024134312699,85.9131961866533,80.33036296457291,2015,"Cape Town, South Africa"
245,23.36217552533993,68.14008394543548,76.16658304064225,87.50996160255016,2013,"Cape Town, South Africa"
246,21.075401730531517,67.65477439664218,84.16332162568993,81.80830254292545,2014,"Cape Town, South Africa"
247,20.88998763906057,68.07450157397693,86.45885599598594,78.8234441788017,2019,"Cape Town, South Africa"
248,21.11248454882571,71.41920251836308,83.71174109382841,76.0414402666087,2018,"Cape Town, South Africa"
249,18.49196538936959,70.6846799580273,92.09734069242347,81.67065130768674,2016,"Cape Town, South Africa"
250,19.814585908529047,70.02885624344177,85.90692423482187,76.46888357603419,2017,"Cape Town, South Africa"
267,27.589616810877622,63.81164742917107,64.77044656297039,75.6864449757299,2019,"Chicago, IL, United States"
268,40.098887515451175,56.66316894018888,62.71951831409935,82.46033470984568,2013,"Chicago, IL, United States"
269,39.616810877626705,56.66316894018888,62.725790265930755,80.75056147214373,2014,"Chicago, IL, United States"
270,26.662546353522863,59.929171038824755,60.530607124937276,76.59204520756356,2017,"Chicago, IL, United States"
271,32.62051915945612,56.66316894018888,63.578775715002486,78.85242338622038,2015,"Chicago, IL, United States"
272,24.363411619283067,57.80430220356769,60.13547415955844,76.95428530029704,2016,"Chicago, IL, United States"
273,26.687268232385662,59.18153200419728,63.2589061716006,77.25132217633848,2018,"Chicago, IL, United States"
274,46.05686032138442,43.24501573976915,91.65203211239336,63.942621169311025,2015,"Chisinau, Moldova"
275,49.876390605686026,43.10073452256034,97.27170095333669,59.61022966021879,2016,"Chisinau, Moldova"
276,44.36341161928306,63.982161594963294,73.72052182639237,76.59929000941823,2019,"Cincinnati, OH, United States"
277,47.86155747836835,67.56295907660022,70.17686904164576,79.70731000507136,2018,"Cincinnati, OH, United States"
290,56.45241038318912,75.01311647429172,71.39362769693929,76.77316525393029,2019,"Cologne, Germany"
291,58.94932014833127,67.56295907660022,93.27019568489712,64.17445482866043,2019,"Colombo, Sri Lanka"
292,68.09641532756488,77.95120671563484,89.54465629703964,62.486415996522496,2017,"Colombo, Sri Lanka"
293,48.33127317676143,78.33158447009443,89.62619167084794,60.76939795696588,2016,"Colombo, Sri Lanka"
294,61.16192830655128,74.18677859391397,89.87706974410436,62.319785553865096,2018,"Colombo, Sri Lanka"
300,67.45364647713225,85.80797481636937,38.94882087305568,81.9387089763095,2013,"Copenhagen, Denmark"
301,80.82818294190358,70.9470094438615,52.30807827395885,88.45903064551183,2018,"Copenhagen, Denmark"
302,69.62917181705811,86.59496327387197,40.00250878073256,81.67789610954141,2014,"Copenhagen, Denmark"
303,74.38813349814585,75.57712486883527,57.53888610135474,85.69876113888284,2016,"Copenhagen, Denmark"
304,81.24845488257105,65.98898216159498,58.366783743100854,87.62587843222488,2017,"Copenhagen, Denmark"
305,74.36341161928307,71.8389296956978,47.2277972905168,84.5323480402811,2015,"Copenhagen, Denmark"
306,78.03461063040791,75.28856243441764,60.480431510285996,89.85727740346302,2019,"Copenhagen, Denmark"
307,51.483312731767604,91.93336831059813,32.413447064726526,80.65637904803303,2012,"Copenhagen, Denmark"
308,70.21013597033374,45.76337880377756,68.10712493728046,92.07418677099182,2019,"Cork, Ireland"
309,71.40914709517921,53.50209863588668,61.546663321625694,93.91436644207779,2018,"Cork, Ireland"
310,67.39184177997528,55.40398740818469,67.00326141495232,92.00173875244512,2017,"Cork, Ireland"
326,33.770086526576016,61.726128016789104,95.97340692423481,38.846627544736656,2019,"Delhi, India"
327,34.67243510506798,66.33001049317946,94.93226292022075,43.15003984641021,2015,"Delhi, India"
328,34.140914709517915,59.07660020986361,93.37681886603109,38.57856987611388,2018,"Delhi, India"
329,56.50185414091471,56.112277019937046,89.2059708981435,21.582264725059773,2012,"Delhi, India"
330,32.348578491965384,60.506295907660025,95.22704465629705,38.085923349996364,2017,"Delhi, India"
331,32.978986402966626,58.52570828961177,95.50928248871048,37.2093023255814,2016,"Delhi, India"
332,37.79975278121137,62.526232948583434,94.41796287004514,47.51141056292111,2014,"Delhi, India"
333,42.521631644004934,72.49475341028331,92.10361264425491,49.48924146924581,2013,"Delhi, India"
340,19.196538936959207,48.53095487932845,69.50577019568489,67.63747011519234,2018,"Detroit, MI, United States"
341,18.68974042027194,57.751836306400854,75.87807325639739,65.44229515322755,2019,"Detroit, MI, United States"
354,81.8294190358467,54.367785939139566,68.71550426492725,64.87720060856336,2017,"Dubai, United Arab Emirates"
355,79.25834363411617,52.42654774396642,69.55594581033617,63.312323407954786,2016,"Dubai, United Arab Emirates"
356,80.81582200247217,54.11857292759707,69.41796287004513,65.10178946605811,2015,"Dubai, United Arab Emirates"
357,79.27070457354758,62.067156348373565,69.14199698946311,65.75382163297834,2014,"Dubai, United Arab Emirates"
358,86.42768850432631,61.37198321091292,78.9826894129453,67.37665724842425,2019,"Dubai, United Arab Emirates"
359,83.96786155747836,58.433892969569776,68.01304565980932,66.50728102586393,2018,"Dubai, United Arab Emirates"
360,55.339925834363406,57.935466946484794,60.875564475664824,50.923712236470344,2012,"Dubai, United Arab Emirates"
361,83.55995055624227,63.03777544596014,65.5983442047165,66.64493226110268,2013,"Dubai, United Arab Emirates"
362,33.01606922126081,24.304826862539354,43.6339688911189,82.85155400999783,2014,"Dublin, Ireland"
363,44.89493201483312,41.33001049317944,57.1374811841445,79.89567485329277,2018,"Dublin, Ireland"
364,47.77503090234857,28.06925498426023,41.9907175112895,81.6054480909947,2013,"Dublin, Ireland"
365,45.129789864029654,39.28384050367262,64.99623682890115,77.9758023618054,2019,"Dublin, Ireland"
366,38.380716934487026,7.528856243441763,35.42398394380329,78.24386003042817,2012,"Dublin, Ireland"
367,42.212608158220014,41.12014690451207,63.534872052182635,81.51126566688401,2017,"Dublin, Ireland"
368,40.04944375772558,32.24029380902414,53.600100351229294,83.17757009345793,2015,"Dublin, Ireland"
369,40.23485784919654,37.32948583420777,63.14601103863521,81.72136492066942,2016,"Dublin, Ireland"
370,9.579728059332506,34.811122770199376,84.49573507275464,65.68137361443164,2018,"Durban, South Africa"
371,8.726823238566134,30.823714585519408,92.6179126944305,66.57248424255596,2016,"Durban, South Africa"
372,8.887515451174286,41.59233997901365,88.47215253386854,68.17358545243789,2019,"Durban, South Africa"
373,10.358467243510507,34.824239244491075,87.85750125439037,65.0583206549301,2017,"Durban, South Africa"
374,71.60692212608156,79.89244491080798,68.35173105870545,94.13171049771788,2017,"Edinburgh, United Kingdom"
375,72.83065512978985,63.57555089192026,55.995985950827894,95.26189958704629,2015,"Edinburgh, United Kingdom"
376,68.67737948084053,80.08919202518366,63.86101354741595,90.75563283344201,2018,"Edinburgh, United Kingdom"
377,69.33250927070456,79.56453305351522,69.94480682388358,88.35760341954649,2019,"Edinburgh, United Kingdom"
378,72.12608158220023,76.088667366212,66.54540893125939,94.11722089400855,2016,"Edinburgh, United Kingdom"
379,58.72682323856613,74.71143756558239,60.27345709984946,84.42367601246106,2015,"Edmonton, Canada"
380,56.78615574783683,77.61017838405039,43.22629202207725,90.01666304426573,2012,"Edmonton, Canada"
381,61.705809641532746,74.01626442812174,55.41896638233818,89.813808592335,2014,"Edmonton, Canada"
382,68.99876390605685,77.53147953830012,49.159558454591064,89.813808592335,2013,"Edmonton, Canada"
383,57.81211372064278,72.28488982161595,69.15454089312593,84.77142650148518,2016,"Edmonton, Canada"
384,55.920889987639065,76.54774396642182,72.62293025589562,83.8223574585235,2019,"Edmonton, Canada"
385,57.16934487021013,73.89821615949634,67.91269443050679,85.41621386655075,2017,"Edmonton, Canada"
386,55.920889987639065,73.84575026232949,65.86176618163573,86.48119973918713,2018,"Edmonton, Canada"
387,76.45241038318912,86.43756558237148,68.5085298544907,91.99449395059044,2019,"Eindhoven, Netherlands"
388,77.42892459826945,87.93284365162646,64.16206723532363,90.38614793885388,2018,"Eindhoven, Netherlands"
389,76.1310259579728,88.7329485834208,69.45559458103361,90.53828877780191,2017,"Eindhoven, Netherlands"
400,73.01606922126079,65.84470094438616,38.980180632212736,84.08317032529159,2019,"Geneva, Switzerland"
401,74.77132262051916,66.14637985309551,28.970145509282474,84.62653046439179,2018,"Geneva, Switzerland"
402,73.52286773794808,64.44123819517314,30.249623682890107,84.59030645511845,2017,"Geneva, Switzerland"
403,63.59703337453646,64.53305351521512,32.582789764174606,85.18438020720133,2016,"Geneva, Switzerland"
404,60.7045735475896,52.833158447009446,22.478675363773192,88.1619937694704,2015,"Geneva, Switzerland"
406,49.08529048207664,88.83788037775446,70.31485198193677,83.71368543070345,2017,"Glasgow, United Kingdom"
407,52.03955500618046,84.77177334732424,73.23758153537379,83.67746142143012,2019,"Glasgow, United Kingdom"
408,42.398022249690975,94.63536201469047,55.34997491219266,86.39426211693109,2015,"Glasgow, United Kingdom"
409,50.729295426452396,57.41080797481638,65.86176618163573,90.53828877780191,2017,"Gothenburg, Sweden"
410,53.70828182941904,67.39244491080797,68.69668840943301,91.653988263421,2019,"Gothenburg, Sweden"
411,55.73547589616811,64.36253934942289,60.61214249874561,90.75563283344201,2018,"Gothenburg, Sweden"
419,67.26823238566129,71.97009443861492,67.2353236327145,52.17706295732811,2019,"Haifa, Israel"
420,55.43881334981458,67.37932843651627,70.34621174109381,87.74904006375425,2019,"Halifax, Canada"
421,50.889987639060564,72.94071353620147,65.56071249372805,89.7196261682243,2017,"Halifax, Canada"
422,54.622991347342385,72.06190975865687,62.08605117912694,87.86495689342897,2018,"Halifax, Canada"
423,66.36588380716934,57.200944386149004,62.23657802308078,81.59820328914005,2015,"Hamburg, Germany"
424,44.313967861557465,78.01678908709341,62.88886101354741,82.68492356734043,2018,"Hamburg, Germany"
425,48.17058096415328,82.89611752360966,66.01856497742097,85.47417228138809,2017,"Hamburg, Germany"
426,47.37948084054387,73.09811122770199,68.26392373306572,82.9022676229805,2016,"Hamburg, Germany"
427,75.94561186650185,82.22717733473243,53.54992473657803,90.90777367239006,2013,"Hamburg, Germany"
428,49.876390605686026,77.72822665267576,67.84997491219266,84.9815257552706,2019,"Hamburg, Germany"
434,54.17799752781211,42.19569779643233,89.11816357250376,39.07846120408606,2019,"Hanoi, Vietnam"
445,81.92830655129788,63.313221406086036,63.3843452082288,54.77070202129971,2017,"Hong Kong, Hong Kong"
446,87.33003708281828,62.78856243441764,61.509031610637216,59.298703180468,2013,"Hong Kong, Hong Kong"
447,85.48825710754016,79.87932843651626,65.01505268439539,63.81945953778164,2015,"Hong Kong, Hong Kong"
448,85.2781211372064,71.16998950682057,61.64701455092825,58.86401506918786,2014,"Hong Kong, Hong Kong"
449,81.71817058096416,71.58971668415529,62.43100852985448,56.748532927624424,2016,"Hong Kong, Hong Kong"
450,81.65636588380715,57.830535152151114,64.16206723532363,55.16916612330653,2018,"Hong Kong, Hong Kong"
451,83.60939431396785,62.473767051416594,64.5258404415454,57.31362747228864,2019,"Hong Kong, Hong Kong"
455,34.31396786155747,72.88824763903466,57.17511289513296,61.67499818879954,2015,"Houston, TX, United States"
456,37.292954264524106,73.30797481636937,59.269944806823894,56.53843367383902,2014,"Houston, TX, United States"
457,30.0,71.7077649527807,66.24435524335172,64.02955879156704,2017,"Houston, TX, United States"
458,34.140914709517915,61.699895068205684,66.37606623181134,54.90110845468377,2016,"Houston, TX, United States"
459,31.199011124845487,78.33158447009443,64.55720020070245,59.197275954502636,2013,"Houston, TX, United States"
460,32.26205191594561,68.73032528856245,69.39914701455092,65.00760704194741,2018,"Houston, TX, United States"
461,32.200247218788626,68.9270724029381,73.63271450075263,67.47808447438962,2019,"Houston, TX, United States"
472,39.295426452410375,64.58551941238197,71.481435022579,74.17952618995871,2019,"Indianapolis, IN, United States"
473,66.84796044499382,58.2109129066107,99.02157551430004,70.05723393465189,2019,"Islamabad, Pakistan"
474,53.79480840543882,62.30325288562434,91.53286502759659,62.4139679779758,2015,"Islamabad, Pakistan"
475,46.934487021013595,63.155823714585544,89.91470145509281,54.8938636528291,2019,"Istanbul, Turkey"
476,55.41409147095179,68.86149003147955,80.04264927245359,57.74831558356878,2015,"Istanbul, Turkey"
477,45.25339925834363,63.18205666316896,85.480431510286,56.79200173875244,2018,"Istanbul, Turkey"
478,54.49938195302843,61.67366211962225,79.94229804315104,58.01637325219154,2014,"Istanbul, Turkey"
479,55.129789864029654,79.56453305351522,70.2709483191169,55.103962906614505,2013,"Istanbul, Turkey"
480,50.086526576019786,68.24501573976916,83.00301053687906,59.18278635079329,2016,"Istanbul, Turkey"
481,66.24227441285537,71.05194123819518,64.657551430005,40.20865029341447,2012,"Istanbul, Turkey"
482,45.43881334981458,65.54302203567681,87.46864024084293,57.72658117800479,2017,"Istanbul, Turkey"
483,69.48084054388133,84.35204616998952,86.27069744104367,57.9801492429182,2016,"Izmir, Turkey"
484,73.46106304079109,68.46799580272824,91.43251379829401,60.02318336593493,2019,"Izmir, Turkey"
485,74.64771322620521,75.27544596012592,90.86803813346714,58.44381656161704,2017,"Izmir, Turkey"
486,75.76019777503089,82.45015739769151,83.10963371801304,50.33688328624211,2015,"Izmir, Turkey"
487,74.1532756489493,71.81269674711439,87.83868539889612,59.950735347388246,2018,"Izmir, Turkey"
500,5.15451174289246,48.9637985309549,82.8273958855996,52.032166920234715,2015,"Johannesburg, South Africa"
501,10.469715698393077,52.977439664218274,85.31736076266934,52.727667898282974,2017,"Johannesburg, South Africa"
502,3.7453646477132274,52.806925498426025,71.41244355243352,55.198145330725204,2013,"Johannesburg, South Africa"
503,4.140914709517926,53.6463798530955,80.41269443050679,60.12461059190031,2014,"Johannesburg, South Africa"
504,4.4499381953028445,53.226652675760754,89.96487706974409,52.032166920234715,2016,"Johannesburg, South Africa"
505,8.244746600741657,51.46904512067157,84.83442047165076,60.61001231616315,2019,"Johannesburg, South Africa"
506,0.0,64.72980062959077,64.11816357250376,38.998768383684705,2012,"Johannesburg, South Africa"
507,10.012360939431396,54.68258132214061,82.16256899147014,57.90045642251684,2018,"Johannesburg, South Africa"
509,28.15822002472188,49.22612801678909,95.5908178625188,36.37615011229442,2017,"Karachi, Pakistan"
510,30.605686032138443,50.498426023085,96.53788258906172,36.941244656958624,2018,"Karachi, Pakistan"
511,8.850432632880095,35.91290661070305,93.52107375815352,33.85495906686953,2015,"Karachi, Pakistan"
512,21.33498145859085,46.537250786988466,95.60336176618164,41.23741215677752,2016,"Karachi, Pakistan"
513,35.26576019777503,51.128016789087106,100.0,39.45519090052886,2019,"Karachi, Pakistan"
514,64.09147095179233,46.94386149003148,93.97265429001504,36.15156125479968,2019,"Kathmandu, Nepal"
533,63.21384425216317,54.2890870933893,85.64350225790265,56.28486560892559,2015,"Krakow (Cracow), Poland"
534,63.016069221260814,56.413955928646395,84.81560461615655,54.31427950445555,2018,"Krakow (Cracow), Poland"
535,71.84177997527811,55.954879328436526,88.17737079779226,54.38672752300224,2019,"Krakow (Cracow), Poland"
536,63.41161928306551,60.33578174186779,89.381585549423,54.90110845468377,2016,"Krakow (Cracow), Poland"
537,69.07292954264524,57.01731374606507,89.33768188660311,55.52416141418532,2017,"Krakow (Cracow), Poland"
538,17.05809641532756,52.898740818468,86.99197190165579,51.15554589581975,2016,"Kuala Lumpur, Malaysia"
539,21.470951792336216,55.5482686253935,86.65955845459106,50.662899369702245,2017,"Kuala Lumpur, Malaysia"
540,12.855377008652662,62.30325288562434,77.63421976919217,23.60356444251249,2012,"Kuala Lumpur, Malaysia"
541,16.081582200247222,49.213011542497384,80.95835423983944,54.350503513728896,2014,"Kuala Lumpur, Malaysia"
542,22.3114956736712,47.86201469045122,77.40842950326142,57.78453959284214,2013,"Kuala Lumpur, Malaysia"
543,14.363411619283063,56.807450157397696,83.29779227295535,51.97420850539737,2015,"Kuala Lumpur, Malaysia"
544,23.152039555006176,55.98111227701994,84.50827897641746,52.546547851916245,2018,"Kuala Lumpur, Malaysia"
545,24.64771322620518,59.40451206715636,87.3118414450577,55.40099978265594,2019,"Kuala Lumpur, Malaysia"
550,38.51668726823239,58.5650577124869,68.60888108379328,69.10816489169021,2017,"Las Vegas, NV, United States"
551,39.295426452410375,48.832633788037775,69.02282990466632,68.77490400637542,2018,"Las Vegas, NV, United States"
552,38.640296662546355,45.50104931794334,71.00476668339186,67.65195971890168,2019,"Las Vegas, NV, United States"
553,57.36711990111249,80.18100734522561,66.54540893125939,73.12178511917699,2018,"Leeds, United Kingdom"
554,54.80840543881335,84.16841552990557,72.70446562970395,71.40476707962037,2019,"Leeds, United Kingdom"
555,53.893695920889975,77.84627492130116,72.4786753637732,77.5266246468159,2017,"Leeds, United Kingdom"
560,68.28182941903584,39.2707240293809,77.05720020070245,66.33340578135187,2019,"Limassol, Cyprus"
561,69.44375772558713,66.94648478488983,79.87330657300551,77.58458306165326,2019,"Lisbon, Portugal"
562,66.62546353522865,63.3656873032529,81.8803311590567,80.59117583134102,2017,"Lisbon, Portugal"
563,66.04449938195302,64.40188877229801,77.35198193677874,79.12048105484314,2018,"Lisbon, Portugal"
564,56.00741656365885,61.05718782791186,64.18088309081786,67.8185901615591,2012,"Lisbon, Portugal"
565,57.94808405438813,55.954879328436526,66.62067235323633,78.62783452872564,2013,"Lisbon, Portugal"
566,64.44993819530285,64.06086044071355,81.6294530858003,80.48250380352098,2016,"Lisbon, Portugal"
567,59.69097651421506,58.3289611752361,68.85975915704968,80.3376077664276,2014,"Lisbon, Portugal"
568,64.56118665018539,58.18467995802729,76.19794279979929,79.93914366442078,2015,"Lisbon, Portugal"
569,72.74412855377007,50.708289611752384,80.29352734570998,81.50402086502933,2016,"Ljubljana, Slovenia"
570,64.73423980222496,54.09233997901365,64.90215755143001,82.34441788017098,2014,"Ljubljana, Slovenia"
571,69.1965389369592,46.40608604407136,72.68564977420974,81.44606245019199,2015,"Ljubljana, Slovenia"
572,76.62546353522869,59.70619097586571,72.4724034119418,85.9016155908136,2018,"Ljubljana, Slovenia"
573,79.35723114956734,57.48950682056663,79.07676869041644,87.93016011012101,2019,"Ljubljana, Slovenia"
574,66.77379480840544,68.25813221406088,62.882589061716004,85.00326016083459,2013,"Ljubljana, Slovenia"
575,77.73794808405438,58.64375655823715,76.69342699448066,85.46692747953344,2017,"Ljubljana, Slovenia"
576,63.349814585908526,73.96379853095489,62.16131460110386,80.05506049409549,2012,"Ljubljana, Slovenia"
577,33.485784919653895,63.03777544596014,34.458103361766184,46.091429399405925,2012,"London, United Kingdom"
578,48.46724351050679,62.998426023085,57.90893125940792,62.26182713902774,2018,"London, United Kingdom"
579,50.951792336217544,71.28803777544596,42.49247365780229,68.18807505614721,2014,"London, United Kingdom"
580,49.92583436341161,72.15372507869887,47.177621675865524,67.74614214301238,2015,"London, United Kingdom"
581,47.700865265760186,70.92077649527809,54.06422478675365,66.09432732014778,2016,"London, United Kingdom"
582,45.51297898640296,65.33315844700945,44.110637230306075,65.34811272911685,2013,"London, United Kingdom"
583,50.420271940667476,64.97901364113328,62.33692925238335,65.04383105122075,2017,"London, United Kingdom"
584,43.85661310259579,63.1295907660021,62.48118414450576,62.19662392233573,2019,"London, United Kingdom"
585,39.913473423980214,53.02990556138511,62.93903662819869,60.42889226979642,2017,"Los Angeles, CA, United States"
586,49.2336217552534,60.53252885624346,64.48820873055695,61.68948779250887,2019,"Los Angeles, CA, United States"
587,47.62669962917181,58.42077649527809,61.91670847967888,60.544809099471124,2018,"Los Angeles, CA, United States"
588,26.229913473423977,64.1264428121721,61.64074259909684,71.06426139245093,2013,"Los Angeles, CA, United States"
589,41.23609394313967,59.50944386149004,70.00125439036628,61.276534086792715,2015,"Los Angeles, CA, United States"
590,40.44499381953028,59.876705141657936,64.75163070747617,54.12591465623414,2016,"Los Angeles, CA, United States"
591,32.645241038318915,83.43389296956978,54.08931259407928,50.32239368253278,2012,"Los Angeles, CA, United States"
592,72.08899876390605,77.80692549842604,53.719267436026094,90.84257045569805,2018,"Luxembourg, Luxembourg"
593,75.98269468479604,76.57397691500526,57.31309583542397,92.98703180468014,2019,"Luxembourg, Luxembourg"
594,77.26823238566129,71.90451206715636,63.45960863020571,90.63971600376728,2017,"Luxembourg, Luxembourg"
595,56.97156983930778,45.40923399790138,98.3003010536879,65.31913352169818,2017,"Lviv, Ukraine"
596,59.97527812113721,47.94071353620149,96.64450577019569,64.92791422154603,2019,"Lviv, Ukraine"
597,58.14585908529047,47.07502623294859,97.66056196688407,63.29058900239079,2018,"Lviv, Ukraine"
598,73.3868974042027,78.51521511017839,73.72052182639237,90.35716873143521,2019,"Madison, WI, United States"
599,62.84301606922126,72.75708289611754,61.97942799799297,59.37839600086937,2014,"Madrid, Spain"
600,56.34116192830655,78.06925498426024,71.11766181635723,65.72484242555966,2018,"Madrid, Spain"
601,68.28182941903584,74.04249737670516,75.40767686904164,60.93602839962327,2016,"Madrid, Spain"
602,68.60321384425218,76.83630640083945,75.59583542398394,65.60892559588495,2017,"Madrid, Spain"
603,80.72929542645241,56.66316894018888,56.74862017059708,42.621169311019344,2012,"Madrid, Spain"
604,58.862793572311496,70.55351521511021,60.242097340692425,64.60914293994061,2013,"Madrid, Spain"
605,63.4857849196539,70.26495278069257,70.19568489713998,62.4139679779758,2015,"Madrid, Spain"
606,64.04202719406672,77.20356768100736,75.60210737581535,64.63812214735927,2019,"Madrid, Spain"
608,38.40543881334982,75.68205666316895,65.146763672855,66.23922335724117,2018,"Manchester, United Kingdom"
609,42.70704573547589,70.1862539349423,60.3487205218264,73.85351010649859,2016,"Manchester, United Kingdom"
610,41.779975278121135,74.75078698845749,70.22077270446562,67.55053249293633,2017,"Manchester, United Kingdom"
611,42.90482076637824,87.08027282266526,47.85499247365779,78.52640730276028,2014,"Manchester, United Kingdom"
612,45.52533992583435,66.5267576075551,55.92699448068238,74.73737593276823,2015,"Manchester, United Kingdom"
613,38.504326328800985,76.04931794333685,71.08630205720019,65.11627906976744,2019,"Manchester, United Kingdom"
617,25.463535228677376,79.80062959076602,83.4671349724034,43.95421285227849,2013,"Manila, Philippines"
618,32.187886279357215,63.73294858342079,88.17737079779226,38.39020502789249,2017,"Manila, Philippines"
619,34.02966625463535,53.44963273871984,89.12443552433517,38.94080996884736,2019,"Manila, Philippines"
620,34.35105067985166,61.80482686253936,86.94179628700451,39.46243570238354,2018,"Manila, Philippines"
621,46.66254635352286,57.89611752360966,87.53135975915704,35.80381076577557,2016,"Manila, Philippines"
622,23.770086526576023,55.35152151101785,84.66507777220271,36.76736941244656,2015,"Manila, Philippines"
626,47.231149567367105,74.69832109129068,33.22252885097841,82.41686589871767,2013,"Melbourne, Australia"
627,55.129789864029654,72.42917103882478,60.12920220772703,85.27856263131203,2018,"Melbourne, Australia"
628,57.02101359703339,74.22612801678909,45.346211741093825,87.84322248786495,2014,"Melbourne, Australia"
629,58.19530284301607,72.69150052465899,52.678123432012036,88.50249945663984,2015,"Melbourne, Australia"
630,40.71693448702101,68.86149003147955,34.79678876066229,59.023400709990575,2012,"Melbourne, Australia"
631,63.21384425216317,75.89192025183631,66.27571500250879,87.13323190610737,2016,"Melbourne, Australia"
632,52.694684796044506,72.74396642182583,68.3078273958856,85.39447946098674,2019,"Melbourne, Australia"
633,56.78615574783683,72.7046169989507,63.164826894129455,83.94551909005291,2017,"Melbourne, Australia"
634,25.859085290482078,58.84050367261281,88.97390868038134,44.251249728319934,2016,"Mexico City, Mexico"
635,25.78491965389369,61.83105981112279,92.46738585047666,41.64312106063899,2017,"Mexico City, Mexico"
636,9.765142150803463,63.942812172088146,76.80005017561464,12.678403245671234,2012,"Mexico City, Mexico"
637,26.266996291718165,59.65372507869886,84.00025087807326,44.96124031007752,2015,"Mexico City, Mexico"
638,25.203955500618047,59.48321091290661,89.98996487706974,42.621169311019344,2018,"Mexico City, Mexico"
639,23.22620519159456,58.40766002098636,91.39488208730559,45.620517278852425,2019,"Mexico City, Mexico"
640,26.79851668726823,58.84050367261281,80.048921224285,48.5039484170108,2014,"Mexico City, Mexico"
641,11.248454882571078,55.141657922350475,77.36452584044154,51.474317177425185,2013,"Mexico City, Mexico"
642,33.68355995055624,54.2890870933893,60.69994982438535,72.98413388393827,2015,"Miami, FL, United States"
643,40.877626699629175,47.14060860440714,59.45810336176618,76.38919075563281,2017,"Miami, FL, United States"
644,42.088998763906055,58.13221406086046,63.0770195684897,77.94682315438672,2019,"Miami, FL, United States"
645,40.506798516687276,58.18467995802729,59.58981435022578,76.79489965949432,2018,"Miami, FL, United States"
646,32.459826946847954,53.082371458551954,63.37180130456597,77.06295732811708,2016,"Miami, FL, United States"
647,38.02224969097651,67.73347324239245,48.24385348720522,48.17793233355067,2013,"Milan, Italy"
648,42.91718170580963,62.722980062959095,50.54565980933265,51.53952039411722,2014,"Milan, Italy"
649,49.15945611866503,67.20881427072403,65.36001003512293,59.305947982322685,2017,"Milan, Italy"
650,41.755253399258336,64.5068205666317,48.11841445057701,18.47424472940665,2012,"Milan, Italy"
651,43.15203955500617,64.08709338929697,61.01981936778725,52.14808374990944,2015,"Milan, Italy"
652,45.908529048207654,72.40293809024135,67.21650777722027,59.71165688618416,2016,"Milan, Italy"
653,51.9035846724351,69.60912906610703,60.160561966884096,59.153807143374614,2018,"Milan, Italy"
654,52.58343634116192,67.33997901364114,67.97541394882087,59.436354415706724,2019,"Milan, Italy"
682,51.47095179233621,49.3441762854145,83.54867034621174,59.85655292327754,2017,"Moscow, Russia"
683,50.11124845488256,47.28488982161596,85.7313095835424,59.37839600086937,2016,"Moscow, Russia"
684,50.655129789864034,49.44910807974817,81.03361766181634,60.31297544012171,2018,"Moscow, Russia"
685,42.38566131025957,23.64900314795383,59.11314601103864,20.930232558139533,2012,"Moscow, Russia"
686,40.55624227441285,38.09024134312696,66.08755644756647,46.308773455045994,2015,"Moscow, Russia"
687,41.74289245982695,29.616998950682053,62.368289011540384,43.23697746866623,2013,"Moscow, Russia"
688,41.31025957972805,36.385099685204615,67.16006021073758,43.207998261247546,2014,"Moscow, Russia"
689,56.18046971569839,49.93441762854145,87.53135975915704,60.98674201260595,2019,"Moscow, Russia"
690,64.79604449938194,53.200419727177355,89.7014550928249,14.851843802072013,2012,"Mumbai, India"
691,48.39307787391842,57.227177334732424,94.59357752132463,41.98362674780845,2017,"Mumbai, India"
692,52.459826946847954,58.99790136411335,93.09458103361764,42.990654205607484,2018,"Mumbai, India"
693,46.84796044499381,54.0398740818468,94.25489212242849,38.23806418894443,2015,"Mumbai, India"
694,55.72311495673671,57.89611752360966,93.8785750125439,38.25255379265376,2014,"Mumbai, India"
695,44.46229913473423,54.81374606505771,95.39011540391371,40.4839527638919,2016,"Mumbai, India"
696,64.68479604449938,50.747639034627504,91.28198695434021,35.55024270086213,2013,"Mumbai, India"
697,54.635352286773795,63.1295907660021,95.3273958855996,44.758385858146774,2019,"Mumbai, India"
698,86.50185414091469,79.93179433368311,67.51756146512794,89.4153444903282,2019,"Munich, Germany"
699,85.92088998763904,84.11594963273872,60.3612644254892,91.85684271535172,2018,"Munich, Germany"
700,89.39431396786154,92.95645330535154,60.750125439036616,89.60370933854959,2015,"Munich, Germany"
701,88.52904820766376,90.12329485834208,50.702458605117904,90.13257987394043,2013,"Munich, Germany"
702,88.05933250927069,82.64690451206718,68.48971399899649,92.79142215460405,2017,"Munich, Germany"
703,88.03461063040791,83.76180482686254,68.90366281986954,92.48714047670795,2016,"Munich, Germany"
704,72.96662546353521,53.226652675760754,81.42247867536376,73.97667173802796,2018,"Muscat, Oman"
705,77.16934487021013,51.46904512067157,82.85248369292523,76.76592045207562,2019,"Muscat, Oman"
706,76.39060568603212,50.367261280167895,79.4279979929754,69.60081141780772,2017,"Muscat, Oman"
707,24.10383189122373,56.374606505771276,79.45308580030104,54.922842860247776,2015,"Nairobi, Kenya"
708,28.516687268232378,51.101783840503685,86.94179628700451,51.633702818227924,2017,"Nairobi, Kenya"
709,36.45241038318912,49.58027282266528,87.16131460110388,49.50373107295515,2019,"Nairobi, Kenya"
710,33.399258343634116,52.308499475341044,87.15504264927246,48.453234804028114,2018,"Nairobi, Kenya"
712,44.58590852904821,49.3441762854145,50.81535373808329,60.943273201477936,2016,"New York, NY, United States"
713,49.2088998763906,34.798006295907676,50.81535373808329,67.14482358907483,2015,"New York, NY, United States"
714,56.847960444993824,57.935466946484794,50.81535373808329,55.908135912482784,2012,"New York, NY, United States"
715,50.889987639060564,46.03882476390348,50.81535373808329,67.77512135043106,2014,"New York, NY, United States"
716,52.262051915945605,57.43704092339979,50.81535373808329,65.0583206549301,2018,"New York, NY, United States"
717,48.98640296662546,41.5398740818468,50.81535373808329,67.94175179308847,2013,"New York, NY, United States"
718,48.62793572311496,59.4700944386149,50.81535373808329,62.4139679779758,2017,"New York, NY, United States"
719,52.83065512978986,57.41080797481638,50.81535373808329,64.05853799898573,2019,"New York, NY, United States"
720,71.2360939431397,39.2576075550892,72.9867034621174,61.46489893501413,2019,"Nicosia, Cyprus"
722,55.20395550061805,35.440713536201464,91.73356748620172,71.06426139245093,2019,"Novi Sad, Serbia"
723,52.95426452410384,42.15634837355721,89.13697942799799,74.96196479026298,2018,"Novi Sad, Serbia"
724,51.84177997527812,36.24081846799581,92.04089312594078,75.23726726074042,2017,"Novi Sad, Serbia"
725,45.760197775030896,39.11332633788038,92.68690416457602,77.34550460044917,2016,"Novi Sad, Serbia"
728,42.509270704573545,44.818992654774405,95.18941294530858,57.05281460552053,2019,"Odessa, Ukraine"
729,38.87515451174289,59.784889821615955,70.02007024586051,80.569441425777,2019,"Orlando, FL, United States"
730,37.40420271940667,55.194123819517316,65.47290516808829,78.93936100847642,2018,"Orlando, FL, United States"
731,39.54264524103832,58.368310598111236,63.65403913697942,78.06273998406144,2017,"Orlando, FL, United States"
732,56.00741656365885,70.46169989506821,24.962368289011522,83.61950300659277,2014,"Oslo, Norway"
733,60.03708281829418,70.44858342077652,49.6236828901154,87.79250887488226,2019,"Oslo, Norway"
734,47.16934487021013,66.33001049317946,46.46889111891619,87.50996160255016,2017,"Oslo, Norway"
735,63.57231149567366,89.80849947534105,12.029603612644234,83.87307107150619,2013,"Oslo, Norway"
736,58.15822002472187,70.26495278069257,41.16909182137481,85.0974425849453,2015,"Oslo, Norway"
737,53.090234857849204,69.58289611752362,40.00878073256396,87.79250887488226,2018,"Oslo, Norway"
738,60.482076637824456,65.97586568730324,53.336678374310075,87.2201695283634,2016,"Oslo, Norway"
748,43.18912237330037,72.27177334732424,60.68113396889112,56.35731362747229,2019,"Paris, France"
749,40.65512978986403,72.24554039874083,62.34947315604615,58.50177497645439,2016,"Paris, France"
750,39.62917181705809,80.0367261280168,51.059959859508275,57.48750271680069,2015,"Paris, France"
751,41.050679851668725,83.43389296956978,38.89237330657299,63.312323407954786,2013,"Paris, France"
752,42.459826946847954,83.43389296956978,37.844957350727526,60.15358979931898,2014,"Paris, France"
753,48.64029666254635,69.77964323189927,38.465880582037116,51.677171629355925,2012,"Paris, France"
754,42.039555006180464,70.00262329485835,55.287255393878574,57.233934651887274,2018,"Paris, France"
755,42.2867737948084,69.50419727177335,61.35223281485197,55.8139534883721,2017,"Paris, France"
756,53.745364647713224,72.44228751311648,38.34044154540892,90.18329348692312,2014,"Perth, Australia"
757,51.742892459826926,67.90398740818469,59.765429001505254,85.24233862203869,2017,"Perth, Australia"
758,48.76390605686032,65.92339979013643,60.17310587054689,83.55429978990074,2016,"Perth, Australia"
759,45.67367119901113,79.80062959076602,26.373557451078767,87.56067521553284,2013,"Perth, Australia"
760,53.51050679851667,75.30167890870935,67.3670346211741,87.40128957473013,2019,"Perth, Australia"
761,44.140914709517915,88.30010493179434,24.36026091319617,94.54466420343405,2012,"Perth, Australia"
762,53.18912237330037,73.50472193074503,59.44555945810336,85.94508440194159,2018,"Perth, Australia"
763,52.80593325092707,63.1164742917104,45.17686904164576,87.61138882851554,2015,"Perth, Australia"
785,56.242274412855366,70.86831059811124,81.56046161565479,78.71477215098167,2019,"Porto, Portugal"
786,58.40543881334981,64.86096537250789,71.71349724034118,77.15713975222778,2014,"Porto, Portugal"
787,64.51174289245982,76.8756558237146,67.2415955845459,61.49387814243281,2012,"Porto, Portugal"
788,53.27564894932014,72.94071353620147,82.97792272955344,76.05592987031805,2017,"Porto, Portugal"
789,61.124845488257115,54.81374606505771,70.37129954841947,75.12135043106571,2013,"Porto, Portugal"
790,49.88875154511742,64.61175236096538,78.49347717009533,73.66514525827719,2015,"Porto, Portugal"
791,48.70210135970334,69.74029380902415,82.59533366783742,74.59247989567486,2016,"Porto, Portugal"
792,54.25216316440049,71.0650577124869,79.08931259407926,77.16438455408245,2018,"Porto, Portugal"
803,8.121137206427687,62.56558237145856,84.06924234821876,62.783452872563934,2019,"Pretoria, South Africa"
804,12.286773794808404,71.35362014690453,84.22604114400401,53.98101861914078,2015,"Pretoria, South Africa"
805,10.432632880098886,60.480062959076605,80.17436026091319,54.94457726581178,2018,"Pretoria, South Africa"
806,7.651421508034608,56.58447009443863,91.65203211239336,50.88024342534232,2016,"Pretoria, South Africa"
816,41.63164400494437,65.30692549842604,84.35775213246363,58.72636383394914,2019,"Quito, Ecuador"
826,77.72558714462298,61.73924449108081,43.546161565479174,96.74708396725349,2017,"Reykjavik, Iceland"
827,76.09394313967859,74.16054564533056,52.70321123933768,94.1969137144099,2016,"Reykjavik, Iceland"
828,81.8912237330037,62.8803777544596,49.4355243351731,94.74027385351009,2019,"Reykjavik, Iceland"
829,80.56860321384423,61.07030430220358,35.90065228299045,95.37057161486635,2018,"Reykjavik, Iceland"
834,11.236093943139675,22.770199370409237,77.08855995985951,54.4012171267116,2017,"Rio de Janeiro, Brazil"
835,18.529048207663784,35.89979013641134,70.55318615153034,51.568499601535905,2014,"Rio de Janeiro, Brazil"
836,24.57354758961681,75.2360965372508,56.67335674862018,36.890531043975955,2012,"Rio de Janeiro, Brazil"
837,12.076637824474659,25.301678908709334,85.31108881083793,48.10548431500398,2016,"Rio de Janeiro, Brazil"
838,17.70086526576019,16.95960125918153,75.21951831409935,49.1632253857857,2015,"Rio de Janeiro, Brazil"
839,12.336217552533991,29.22350472193075,77.69693928750627,54.7489676157357,2018,"Rio de Janeiro, Brazil"
840,23.522867737948083,55.02360965372509,59.75915704967386,51.0251394624357,2013,"Rio de Janeiro, Brazil"
841,11.100123609394313,30.167890870933892,84.37656798795786,54.48815474896761,2019,"Rio de Janeiro, Brazil"
842,83.17676143386895,73.95068205666317,82.1437531359759,55.879156705064105,2016,"Riyadh, Saudi Arabia"
843,81.76761433868974,66.08079748163694,83.56121424987454,53.93030500615807,2017,"Riyadh, Saudi Arabia"
844,66.26699629171817,61.92287513116476,83.29779227295535,53.08990799101645,2018,"Riyadh, Saudi Arabia"
845,67.82447466007416,73.20304302203569,80.78273958855995,54.756212417590376,2015,"Riyadh, Saudi Arabia"
846,71.05067985166872,58.40766002098636,82.53888610135473,53.80714337462871,2019,"Riyadh, Saudi Arabia"
847,34.103831891223734,56.05981112277021,53.63146011038634,53.966529015431426,2014,"Rome, Italy"
848,38.29419035846724,49.3441762854145,61.00727546412443,55.103962906614505,2015,"Rome, Italy"
849,41.965389369592096,52.34784889821617,69.73156046161564,57.1107730203579,2019,"Rome, Italy"
850,38.43016069221261,46.602833158447005,69.61866532865028,52.691443889009626,2016,"Rome, Italy"
851,40.321384425216316,52.17733473242392,64.11189162067235,56.509454466420344,2018,"Rome, Italy"
852,30.432632880098875,54.98426023084996,51.63697942799799,56.27037600521626,2013,"Rome, Italy"
853,38.924598269468476,50.66894018887725,67.08479678876066,57.13975222777657,2017,"Rome, Italy"
854,25.7478368355995,54.65634837355721,48.444555945810315,30.819387089763094,2012,"Rome, Italy"
871,75.09270704573548,65.35939139559287,71.6633216256899,62.64580163732522,2018,"Salt Lake City, UT, United States"
872,76.34116192830653,66.19884575026235,73.78324134470647,63.39201622835615,2019,"Salt Lake City, UT, United States"
873,70.04944375772557,64.49370409234,69.81309583542398,66.81156270376005,2015,"Salt Lake City, UT, United States"
874,75.7354758961681,64.72980062959077,70.59708981435023,66.09432732014778,2017,"Salt Lake City, UT, United States"
875,48.98640296662546,70.64533053515215,75.32614149523332,75.4038977033978,2018,"San Antonio, TX, United States"
876,50.49443757725586,64.95278069254985,74.73030607124937,76.867347678041,2019,"San Antonio, TX, United States"
877,62.76885043263289,68.27124868835257,67.95659809332663,80.18546692747951,2019,"San Diego, CA, United States"
878,54.01730531520396,65.55613850996853,65.03386853988961,79.96812287183946,2015,"San Diego, CA, United States"
879,58.603213844252174,62.30325288562434,61.58429503261414,77.80917191914801,2013,"San Diego, CA, United States"
880,60.79110012360938,70.22560335781743,65.76141495233314,76.38194595377817,2016,"San Diego, CA, United States"
881,49.08529048207664,59.75865687303254,64.93978926241846,74.5562558864015,2014,"San Diego, CA, United States"
882,65.52533992583436,70.81584470094438,65.23457099849472,81.12004636673187,2018,"San Diego, CA, United States"
883,62.29913473423978,72.08814270724031,64.657551430005,80.36658697384627,2017,"San Diego, CA, United States"
884,46.959208899876394,67.51049317943338,56.03988961364776,79.94638846627545,2019,"San Francisco, CA, United States"
885,53.733003708281835,71.4716684155299,54.791771199197186,78.71477215098167,2014,"San Francisco, CA, United States"
886,46.72435105067986,69.39926547743967,52.17009533366783,78.30181844526551,2018,"San Francisco, CA, United States"
887,67.62669962917181,73.1112277019937,53.675363773206215,79.67833079765268,2013,"San Francisco, CA, United States"
888,45.315203955500614,64.11332633788038,51.354741595584535,79.12048105484314,2017,"San Francisco, CA, United States"
889,63.065512978986405,49.43599160545646,46.53788258906171,61.94305585742229,2012,"San Francisco, CA, United States"
890,53.733003708281835,63.70671563483738,52.696939287506275,74.73013113091358,2015,"San Francisco, CA, United States"
891,48.281829419035844,69.35991605456454,48.70797792272954,73.38259798594508,2016,"San Francisco, CA, United States"
898,49.62917181705809,54.65634837355721,79.039136979428,48.30109396508005,2015,"Santiago, Chile"
899,49.567367119901114,55.863064008394566,84.62744606121424,48.82996450047092,2016,"Santiago, Chile"
900,41.17428924598269,57.935466946484794,67.8687907676869,28.435847279576908,2012,"Santiago, Chile"
901,55.166872682323856,60.8473242392445,71.81384846964373,47.967833079765256,2013,"Santiago, Chile"
902,45.11742892459826,61.752360965372525,81.78625188158556,53.83612258204739,2019,"Santiago, Chile"
903,42.533992583436344,56.50577124868836,79.91721023582538,49.10526697094834,2017,"Santiago, Chile"
904,46.10630407911001,58.00104931794334,77.87882589061716,51.27146272549445,2018,"Santiago, Chile"
905,47.02101359703337,54.892444910807974,75.36377320622177,47.967833079765256,2014,"Santiago, Chile"
906,31.396786155747836,47.363588667366216,51.498996487706975,31.884372962399482,2012,"Sao Paulo, Brazil"
907,25.52533992583436,57.80430220356769,61.20797792272954,52.075635731362745,2013,"Sao Paulo, Brazil"
908,17.98516687268232,43.84837355718783,77.89136979427998,43.86003042816779,2018,"Sao Paulo, Brazil"
909,18.677379480840546,46.392969569779645,84.22604114400401,45.51909005288705,2019,"Sao Paulo, Brazil"
910,16.155747836835598,40.7791185729276,74.755393878575,48.18517713540535,2015,"Sao Paulo, Brazil"
911,18.195302843016073,47.179958027282275,69.14199698946311,50.7425921901036,2014,"Sao Paulo, Brazil"
912,18.257107540173045,45.776495278069255,77.24535875564477,43.048612620444835,2017,"Sao Paulo, Brazil"
913,13.671199011124845,44.189401888772295,86.62819869543402,40.049264652611754,2016,"Sao Paulo, Brazil"
918,53.46106304079109,67.01206715634838,58.316608128449566,82.73563718032312,2018,"Seattle, WA, United States"
919,52.262051915945605,69.24186778593915,60.750125439036616,85.15540099978266,2019,"Seattle, WA, United States"
920,57.478368355995045,69.88457502623297,61.33968891118916,86.29283489096572,2016,"Seattle, WA, United States"
921,58.70210135970334,70.21248688352571,56.74862017059708,82.67767876548577,2017,"Seattle, WA, United States"
922,57.62669962917181,63.155823714585544,56.064977420973406,82.75012678403245,2014,"Seattle, WA, United States"
923,50.61804697156985,61.47691500524661,56.64199698946312,88.4735202492212,2015,"Seattle, WA, United States"
930,76.24227441285538,61.92287513116476,74.85574510787755,40.33181192494386,2014,"Shanghai, China"
931,53.13967861557478,52.42654774396642,78.31159056698445,44.34543215243063,2018,"Shanghai, China"
932,68.15822002472189,50.20986358866738,75.59583542398394,42.737086140694046,2016,"Shanghai, China"
933,43.67119901112483,54.40713536201471,81.99322629202207,47.14192566833296,2019,"Shanghai, China"
934,64.73423980222496,51.46904512067157,79.40291018564977,42.19372600159385,2017,"Shanghai, China"
935,73.51050679851669,51.154249737670526,77.74084295032614,43.3384046946316,2015,"Shanghai, China"
936,53.41161928306551,19.674711437565577,76.97566482689412,3.8035209737013673,2012,"Shanghai, China"
937,87.08281829419035,77.36096537250789,69.35524335173106,38.027964935159005,2013,"Shanghai, China"
938,83.0407911001236,52.70199370409234,50.0,72.80301383757154,2014,"Singapore, Singapore"
939,82.81829419035847,51.28541448058763,47.767185148018065,69.55009780482504,2013,"Singapore, Singapore"
940,87.94808405438812,56.650052465897176,52.15127947817359,73.64341085271317,2015,"Singapore, Singapore"
941,87.94808405438812,64.71668415529906,61.05745107877571,77.28030138375715,2016,"Singapore, Singapore"
942,87.42892459826946,65.43809024134313,56.209232313095825,80.82300949069042,2018,"Singapore, Singapore"
943,80.95179233621755,66.34312696747115,69.7629202207727,82.01840179671086,2019,"Singapore, Singapore"
944,86.99629171817057,65.77911857292762,61.84771700953337,78.57712091574295,2017,"Singapore, Singapore"
945,82.50927070457355,51.482161594963294,50.16934269944807,54.09693544881547,2012,"Singapore, Singapore"
950,50.92707045735475,52.715110178384045,81.17787255393878,56.37904803303629,2014,"Sofia, Bulgaria"
951,51.174289245982685,44.91080797481638,89.92097340692423,61.24031007751938,2017,"Sofia, Bulgaria"
952,46.996291718170575,52.137985309548796,85.36126442548921,59.79859450844019,2015,"Sofia, Bulgaria"
953,52.744128553770075,45.16002098635887,88.34044154540892,57.523726726074045,2019,"Sofia, Bulgaria"
954,46.736711990111246,43.83525708289612,89.95233316608126,63.15293776715207,2016,"Sofia, Bulgaria"
955,52.37330037082818,43.0351521511018,86.4964877069744,59.936245743678896,2018,"Sofia, Bulgaria"
956,47.61433868974042,50.40661070304303,78.32413447064727,36.890531043975955,2012,"Sofia, Bulgaria"
957,47.836835599505555,41.59233997901365,81.32212744606122,49.20669419691371,2013,"Sofia, Bulgaria"
959,50.90234857849195,63.32633788037776,61.214249874560956,93.62457436789104,2017,"Stockholm, Sweden"
960,53.90605686032137,68.10073452256034,42.07225288509784,94.74751865536476,2014,"Stockholm, Sweden"
961,74.66007416563656,86.4769150052466,39.394129453085796,90.92226327609941,2012,"Stockholm, Sweden"
962,49.17181705809641,63.49685204617,64.1432513798294,93.29131348257624,2019,"Stockholm, Sweden"
963,54.36341161928306,67.40556138509969,61.164074259909675,97.18901688038832,2016,"Stockholm, Sweden"
964,75.82200247218788,82.34522560335783,36.56547917711991,96.13127580960659,2013,"Stockholm, Sweden"
965,50.655129789864034,65.21511017838405,57.620421475163056,96.44280228935742,2015,"Stockholm, Sweden"
966,48.67737948084054,62.81479538300106,56.55418966382339,92.95805259726144,2018,"Stockholm, Sweden"
967,76.31644004944377,68.54669464847849,71.76367285499248,75.59950735347387,2019,"Stuttgart, Germany"
968,60.22249690976513,72.04879328436516,56.60436527847465,83.60501340288343,2018,"Sydney, Australia"
969,57.75030902348578,68.57292759706192,59.577270446562956,84.63377526624647,2017,"Sydney, Australia"
970,54.091470951792324,68.23189926547744,62.826141495233315,84.38745200318772,2016,"Sydney, Australia"
971,57.08281829419034,66.60545645330537,50.55193176116408,82.98920524523655,2015,"Sydney, Australia"
972,59.85166872682324,69.56977964323191,64.36904164576015,82.85879881185251,2019,"Sydney, Australia"
973,66.94684796044497,67.61542497376706,28.2865027596588,91.697457074549,2013,"Sydney, Australia"
974,73.86897404202719,76.8756558237146,26.27947817360761,86.85068463377527,2012,"Sydney, Australia"
975,60.7416563658838,64.67733473242393,43.38936276969392,90.8280808519887,2014,"Sydney, Australia"
989,48.40543881334982,61.6080797481637,69.34269944806823,84.45265521987973,2019,"Tampa, FL, United States"
990,52.34857849196538,64.40188877229801,66.02483692925237,88.55321306962256,2017,"Tampa, FL, United States"
1005,68.64029666254633,74.3572927597062,62.6944305067737,68.07940302832716,2016,"Tel Aviv-Yafo, Israel"
1006,67.6514215080346,77.17733473242393,59.884596086302054,65.9711656886184,2015,"Tel Aviv-Yafo, Israel"
1007,57.58961681087763,71.55036726128017,56.86151530356246,69.73121785119176,2018,"Tel Aviv-Yafo, Israel"
1008,69.159456118665,69.35991605456454,64.32513798294029,73.78106208795191,2019,"Tel Aviv-Yafo, Israel"
1009,68.76390605686032,73.33420776495278,63.290265930757634,67.05064116496413,2017,"Tel Aviv-Yafo, Israel"
1011,67.40420271940665,65.17576075550892,60.86929252383341,71.15844381656161,2014,"Thessaloniki, Greece"
1012,65.25339925834362,54.49895068205667,72.80481685900652,58.63218140983846,2018,"Thessaloniki, Greece"
1013,64.28924598269468,47.83578174186779,78.1046161565479,59.57400565094545,2019,"Thessaloniki, Greece"
1014,65.59950556242272,62.30325288562434,78.48720521826392,59.79859450844019,2017,"Thessaloniki, Greece"
1015,68.98640296662545,73.57030430220358,80.89563472152534,63.449974643193514,2016,"Thessaloniki, Greece"
1016,56.01977750309023,55.377754459601256,58.7180130456598,60.35644425124973,2013,"Thessaloniki, Greece"
1017,67.62669962917181,75.22298006295908,71.75112895132966,73.52024922118379,2015,"Thessaloniki, Greece"
1018,46.32880098887515,44.92392444910809,47.19016557952834,42.20097080344853,2012,"Thessaloniki, Greece"
1023,86.65018541409147,77.7938090241343,54.697691921726026,71.45548069260306,2018,"Tokyo, Japan"
1024,82.39802224969097,76.088667366212,60.1668339187155,80.15648772006084,2016,"Tokyo, Japan"
1025,87.08281829419035,79.91867785939141,58.059458103361756,73.06382670433963,2019,"Tokyo, Japan"
1026,79.04820766378243,85.66369359916055,59.96613146011039,80.00434688111281,2015,"Tokyo, Japan"
1027,90.29666254635352,67.95645330535153,35.76266934269944,81.97493298558285,2013,"Tokyo, Japan"
1028,83.34981458590852,77.36096537250789,48.1811339688911,78.02651597478807,2014,"Tokyo, Japan"
1029,100.0,99.22612801678909,25.238334169593557,67.37665724842425,2012,"Tokyo, Japan"
1030,83.21384425216316,73.17681007345226,56.47892624184646,73.67963486198653,2017,"Tokyo, Japan"
1031,68.35599505562422,66.67103882476391,62.267937782237844,77.86713033398536,2015,"Toronto, Canada"
1032,63.4487021013597,72.29800629590767,62.93276467636727,77.92508874882273,2019,"Toronto, Canada"
1033,64.30160692212607,69.34679958027284,69.44305067737079,75.3604288922698,2017,"Toronto, Canada"
1034,73.62175525339924,60.8473242392445,51.12895132965379,86.64783018184454,2013,"Toronto, Canada"
1035,65.94561186650185,64.61175236096538,72.22779729051679,73.12902992103163,2016,"Toronto, Canada"
1036,63.733003708281814,71.64218258132216,66.35725037631711,78.07722958777077,2018,"Toronto, Canada"
1037,68.22002472187886,66.68415529905563,46.68840943301554,74.62145910309353,2012,"Toronto, Canada"
1038,72.06427688504327,67.09076600209865,57.576517812343205,83.48185177135406,2014,"Toronto, Canada"
1039,85.56242274412855,70.48793284365163,60.072754641244366,74.87502716800695,2015,"Trieste, Italy"
1047,36.65018541409147,62.30325288562434,70.48419468138484,53.65500253568064,2019,"Turin, Italy"
1048,33.893695920889975,64.04774396642182,70.81033617661815,48.3373179743534,2016,"Turin, Italy"
1049,28.405438813349814,62.78856243441764,63.03938785750124,48.518438020720126,2015,"Turin, Italy"
1050,39.55500618046971,61.39821615949634,72.76091319618666,50.53973773817285,2017,"Turin, Italy"
1051,37.88627935723115,65.80535152151103,66.5328650275966,51.44533797000652,2018,"Turin, Italy"
1055,74.41285537700864,79.06610703043023,72.49121926743602,78.88864739549373,2015,"Valencia, Spain"
1056,70.21013597033374,81.8205666316894,79.62870045158053,73.7086140694052,2019,"Valencia, Spain"
1057,55.389369592089004,83.5781741867786,75.6961866532865,74.71564152720424,2018,"Valencia, Spain"
1058,63.040791100123606,69.53043022035678,66.12518815855492,87.28537274505544,2018,"Vancouver, Canada"
1059,63.226205191594545,70.29118572927598,67.93778223783241,86.9158878504673,2017,"Vancouver, Canada"
1060,59.41903584672435,66.42182581322143,72.76091319618666,89.03861479388539,2016,"Vancouver, Canada"
1061,63.831891223733,80.49580272822665,52.00075263421977,86.15518365572703,2014,"Vancouver, Canada"
1062,70.37082818294189,83.9585519412382,48.50727546412442,87.2419039339274,2013,"Vancouver, Canada"
1063,62.63288009888751,70.88142707240296,70.960863020572,88.62566108816924,2019,"Vancouver, Canada"
1064,62.21260815822002,72.75708289611754,56.96813848469644,90.48757516481925,2015,"Vancouver, Canada"
1065,60.08652657601976,85.25708289611754,44.03537380832914,67.37665724842425,2012,"Vancouver, Canada"
1073,79.5302843016069,76.3903462749213,64.21224284997491,91.66847786713032,2018,"Vienna, Austria"
1074,72.83065512978985,77.49213011542498,72.22152533868541,90.07462145910308,2016,"Vienna, Austria"
1075,70.51915945611866,76.15424973767053,56.98695434019066,87.16945591538071,2014,"Vienna, Austria"
1076,80.53152039555005,80.44333683105981,70.51555444054189,91.66847786713032,2017,"Vienna, Austria"
1077,79.61681087762669,77.82004197271775,70.18314099347717,93.10294863435485,2019,"Vienna, Austria"
1078,69.76514215080346,80.10230849947536,65.22829904666332,87.28537274505544,2015,"Vienna, Austria"
1079,67.39184177997528,65.42497376705141,83.90617160060211,86.72027820039122,2017,"Vilnius, Lithuania"
1080,69.29542645241037,63.68048268625394,79.50326141495232,84.88009852930524,2018,"Vilnius, Lithuania"
1081,71.42150803461061,61.686778593913964,83.26643251379829,86.53915815402449,2019,"Vilnius, Lithuania"
1082,71.43386897404201,69.87145855194125,75.15052684395383,93.76222560312976,2014,"Vilnius, Lithuania"
1083,60.55624227441285,64.92654774396642,84.21349724034118,86.98109106715931,2016,"Vilnius, Lithuania"
1084,71.42150803461061,66.19884575026235,79.76041144004012,86.1624284575817,2015,"Vilnius, Lithuania"
1085,72.96662546353521,75.53777544596014,74.76793778223782,95.83423893356516,2013,"Vilnius, Lithuania"
1086,69.48084054388133,50.53777544596014,83.4044154540893,65.46402955879157,2015,"Warsaw, Poland"
1087,74.62299134734239,56.295907660021,86.7912694430507,65.11627906976744,2019,"Warsaw, Poland"
1088,66.1433868974042,54.60388247639035,83.23507275464124,67.79685575599507,2018,"Warsaw, Poland"
1089,64.91965389369592,46.48478488982162,76.77496236828901,64.99311743823806,2014,"Warsaw, Poland"
1090,67.89864029666253,57.200944386149004,76.42373306573005,63.573136274722884,2013,"Warsaw, Poland"
1091,74.9443757725587,54.892444910807974,87.97666833918717,66.89850032601609,2016,"Warsaw, Poland"
1092,75.16687268232384,53.93494228751311,87.95158053186151,71.40476707962037,2017,"Warsaw, Poland"
1093,58.751545117428925,38.65424973767053,77.5275965880582,45.64225168441643,2012,"Warsaw, Poland"
1094,36.687268232385655,68.02203567681008,55.83918715504265,76.96877490400638,2019,"Washington, DC, United States"
1095,36.41532756489493,66.48740818467995,55.870546914199686,77.72223429689198,2018,"Washington, DC, United States"
1096,70.82818294190358,63.14270724029382,50.7589061716006,96.37759907266536,2015,"Wellington, New Zealand"
1097,70.59332509270705,65.33315844700945,65.05268439538385,97.33391291748173,2017,"Wellington, New Zealand"
1098,68.99876390605685,60.71615949632741,63.2589061716006,97.6671738027965,2016,"Wellington, New Zealand"
1099,69.44375772558713,70.56663168940189,48.130958354239816,94.89241469245815,2014,"Wellington, New Zealand"
1100,71.66872682323856,69.6878279118573,68.15102860010036,94.39252336448598,2019,"Wellington, New Zealand"
1101,70.50679851668725,67.81217208814272,62.81359759157049,96.8195319858002,2018,"Wellington, New Zealand"
1102,39.02348578491965,63.942812172088146,75.62719518314098,76.93979569658771,2019,"Winnipeg, Canada"
1103,40.3708281829419,62.17208814270725,68.86603110888107,73.00586828950227,2018,"Winnipeg, Canada"
1104,37.082818294190346,61.88352570828961,66.08755644756647,83.52532058248207,2015,"Winnipeg, Canada"
1105,43.67119901112483,61.240818467995815,69.49949824385348,76.21531551112076,2017,"Winnipeg, Canada"
1106,43.85661310259579,67.2743966421826,73.62017059708981,78.85242338622038,2016,"Winnipeg, Canada"
1114,44.2027194066749,59.614375655823714,89.23105870546914,48.88792291530826,2017,"Yekaterinburg, Russia"
1115,47.62669962917181,56.42707240293811,92.00326141495232,51.945229297978706,2019,"Yekaterinburg, Russia"
1116,45.7478368355995,64.15267576075551,87.16131460110388,49.34434543215243,2018,"Yekaterinburg, Russia"
1117,70.55624227441284,39.11332633788038,92.13497240341194,62.471926392813145,2018,"Yerevan, Armenia"
1118,68.57849196538936,37.526232948583434,87.57526342197691,54.28530029703688,2015,"Yerevan, Armenia"
1119,71.42150803461061,41.90713536201471,91.83391871550428,61.83438382960226,2017,"Yerevan, Armenia"
1120,79.83930778739183,36.94910807974817,93.06949322629202,63.81221473592697,2019,"Yerevan, Armenia"
1121,68.59085290482075,57.751836306400854,82.82112393376819,78.1641672100268,2016,"Zagreb, Croatia"
1122,67.57725587144621,43.363064008394566,68.03186151530356,73.59269723973048,2013,"Zagreb, Croatia"
1123,75.3399258343634,60.02098635886675,77.15755143000501,79.43925233644859,2018,"Zagreb, Croatia"
1124,72.12608158220023,63.39192025183631,83.07200200702458,79.07701224371512,2017,"Zagreb, Croatia"
1125,67.23114956736714,57.71248688352571,75.6961866532865,78.05549518220677,2015,"Zagreb, Croatia"
1126,77.42892459826945,60.04721930745016,81.47265429001504,81.88075056147215,2019,"Zagreb, Croatia"
1127,67.18170580964153,56.112277019937046,68.78449573507275,80.10577410707815,2014,"Zagreb, Croatia"
1128,84.90729295426452,72.50786988457503,33.96261916708478,93.86365282909512,2019,"Zurich, Switzerland"
1129,83.99258343634115,72.16684155299056,24.943552433517297,93.78396000869377,2018,"Zurich, Switzerland"
1130,88.51668726823239,76.8756558237146,13.24009031610636,91.82061870607842,2013,"Zurich, Switzerland"
1131,83.18912237330036,67.72035676810074,25.062719518314086,91.79888430051436,2015,"Zurich, Switzerland"
1132,83.0778739184178,66.97271773347326,31.378575012543894,96.41382308193873,2016,"Zurich, Switzerland"
1133,87.52781211372063,76.15424973767053,9.37656798795784,86.21314207056439,2012,"Zurich, Switzerland"
1134,85.06798516687267,70.72402938090242,31.974410436527833,95.22567557777296,2017,"Zurich, Switzerland"
1135,81.40914709517924,73.30797481636937,14.770446562970376,92.99427660653481,2014,"Zurich, Switzerland"
