,City,Quality of Life Index,Purchasing Power Index,Safety Index,Health Care Index,Cost of Living Index,Property Price to Income Ratio,Traffic Commute Time Index,Pollution Index,Climate Index,Year
0,"Abu Dhabi, United Arab Emirates",159.21,158.23,83.29,56.71,61.47,5.07,28.9,55.15,0.35,2016
1,"Abu Dhabi, United Arab Emirates",155.88,136.07,84.49,58.36,65.96,4.81,25.61,54.5,6.01,2017
2,"Abu Dhabi, United Arab Emirates",175.14,131.24,86.37,62.03,64.97,5.0,28.67,51.23,43.89,2018
3,"Abu Dhabi, United Arab Emirates",172.29,106.6,89.03,68.74,62.64,5.78,26.53,47.52,43.89,2019
4,"Abu Dhabi, United Arab Emirates",155.9,105.35,86.85,48.02,62.28,5.76,27.67,65.8,-,2015
5,"Adelaide, Australia",193.68,113.86,65.74,72.47,86.02,5.51,34.28,21.14,94.86,2018
6,"Adelaide, Australia",206.65,126.41,67.84,74.2,67.47,4.43,29.75,19.67,94.96,2019
7,"Adelaide, Australia",215.52,163.1,59.6,66.6,77.89,5.17,26.69,26.06,90.61,2016
8,"Adelaide, Australia",164.83,93.75,58.04,62.79,98.9,6.28,26.29,23.36,-,2015
9,"Adelaide, Australia",214.61,131.88,58.68,56.25,121.02,3.59,20.75,12.64,-,2013
10,"Adelaide, Australia",199.84,110.82,66.28,73.29,80.25,5.95,29.92,21.98,89.35,2017
11,"Adelaide, Australia",176.71,104.04,58.35,61.11,103.12,4.97,20.2,25.99,-,2014
12,"Ahmedabad, India",119.59,59.11,63.27,68.7,24.06,8.27,39.48,73.76,49.27,2019
13,"Ahmedabad, India",121.53,73.59,59.51,67.36,28.67,7.74,42.35,73.38,48.31,2018
14,"Ahmedabad, India",111.03,61.37,81.82,61.67,31.2,8.25,52.0,58.79,-,2013
15,"Ahmedabad, India",110.13,65.96,77.99,67.13,27.37,6.99,46.17,70.35,-,2015
16,"Ahmedabad, India",108.2,66.1,76.59,67.13,27.06,6.77,49.0,70.47,-,2014
17,"Ahmedabad, India",106.74,61.66,71.25,70.6,25.96,8.89,39.47,72.32,0.47,2017
18,"Albuquerque, NM, United States",177.22,123.57,31.94,68.23,65.73,2.73,29.74,20.7,67.51,2018
19,"Albuquerque, NM, United States",178.03,122.06,31.37,72.22,64.2,3.05,26.44,22.54,67.06,2019
20,"Almaty, Kazakhstan",51.32,47.17,53.18,65.28,56.8,11.64,40.0,78.74,-,2015
21,"Almaty, Kazakhstan",103.25,46.81,49.94,56.05,36.05,12.13,29.71,77.55,58.3,2018
22,"Almaty, Kazakhstan",119.87,61.77,50.31,66.36,31.31,13.05,24.33,72.08,46.0,2016
23,"Almaty, Kazakhstan",105.82,49.62,49.73,65.81,32.67,12.58,26.6,77.19,37.3,2017
24,"Almaty, Kazakhstan",87.69,40.18,27.18,51.1,30.19,12.42,30.57,76.69,58.3,2019
25,"Amman, Jordan",119.46,50.3,50.74,68.49,55.13,9.46,51.29,77.89,89.26,2016
26,"Amman, Jordan",42.15,39.15,52.21,68.31,62.63,8.44,51.4,80.2,-,2015
27,"Amman, Jordan",116.82,41.69,55.2,71.59,61.8,8.4,50.32,81.57,88.42,2017
28,"Amman, Jordan",113.8,40.96,58.4,66.78,56.76,8.02,44.21,78.56,89.05,2019
29,"Amman, Jordan",110.12,41.83,58.01,71.04,58.47,7.86,53.31,79.75,88.48,2018
30,"Amman, Jordan",39.95,37.58,49.73,72.72,63.93,8.07,60.2,77.27,-,2014
31,"Amsterdam, Netherlands",181.46,122.04,63.92,67.43,76.29,8.82,29.53,38.91,77.0,2016
32,"Amsterdam, Netherlands",173.29,96.16,65.52,70.74,80.88,11.31,30.93,30.77,87.45,2019
33,"Amsterdam, Netherlands",164.92,99.63,66.86,64.63,88.19,8.41,27.0,34.21,-,2015
34,"Amsterdam, Netherlands",176.19,90.41,67.4,72.78,78.01,10.36,27.86,32.08,77.0,2017
35,"Amsterdam, Netherlands",179.2,101.7,66.33,72.41,89.14,9.89,27.58,30.1,87.17,2018
36,"Ankara, Turkey",71.93,63.7,60.95,42.47,48.38,5.26,44.83,81.11,-,2014
37,"Ankara, Turkey",93.05,57.18,72.53,69.72,61.66,5.65,31.6,78.97,-,2013
38,"Ankara, Turkey",129.54,62.0,57.15,70.21,37.33,7.0,35.45,73.46,58.49,2017
39,"Ankara, Turkey",131.85,56.89,56.56,69.91,41.21,7.05,34.43,73.66,91.02,2018
40,"Ankara, Turkey",137.17,81.87,53.82,66.91,44.02,6.22,38.2,66.51,58.41,2016
41,"Ankara, Turkey",130.16,49.39,58.65,66.99,34.29,6.91,36.32,71.58,91.49,2019
42,"Ankara, Turkey",88.46,64.84,60.68,63.15,48.24,5.52,38.45,78.55,-,2015
43,"Antwerp, Belgium",157.9,94.55,64.93,77.22,72.18,6.01,36.67,60.27,85.42,2019
44,"Athens, Greece",125.52,51.3,49.28,49.76,58.6,10.31,36.59,67.46,91.5,2017
45,"Athens, Greece",43.14,41.8,47.65,48.94,86.75,12.94,41.64,59.82,-,2014
46,"Athens, Greece",120.62,52.86,50.44,51.09,64.67,10.74,37.76,62.74,95.22,2018
47,"Athens, Greece",138.01,64.66,51.33,52.7,56.0,9.69,35.46,62.74,91.69,2016
48,"Athens, Greece",-35.53,45.38,39.87,51.69,101.53,11.01,38.67,140.0,-,2012
49,"Athens, Greece",126.58,50.25,51.89,54.39,58.31,10.3,35.95,58.25,95.18,2019
50,"Athens, Greece",31.7,47.63,42.51,46.11,91.83,12.5,41.44,71.78,-,2013
51,"Athens, Greece",57.36,45.54,49.46,49.08,70.48,11.31,39.91,58.14,-,2015
52,"Atlanta, GA, United States",168.57,139.39,35.99,71.21,75.7,3.4,36.42,55.12,79.66,2016
53,"Atlanta, GA, United States",162.22,156.21,40.14,68.52,75.7,2.76,54.0,75.69,-,2015
54,"Atlanta, GA, United States",168.22,153.77,35.01,64.42,74.97,2.55,46.51,49.74,89.74,2018
55,"Atlanta, GA, United States",166.55,148.36,35.19,65.63,76.09,2.74,39.03,54.6,74.47,2017
56,"Atlanta, GA, United States",169.9,145.47,36.37,64.21,72.26,2.93,44.22,44.7,89.73,2019
57,"Auckland, New Zealand",172.51,102.2,54.38,69.72,83.9,10.09,39.87,28.57,84.79,2017
58,"Auckland, New Zealand",154.59,89.08,53.64,72.28,96.24,6.87,34.83,25.46,-,2015
59,"Auckland, New Zealand",171.51,96.88,54.0,74.91,76.98,11.81,37.84,28.62,99.89,2019
60,"Auckland, New Zealand",184.06,118.81,56.92,74.81,80.38,9.85,41.47,30.59,90.42,2016
61,"Auckland, New Zealand",170.18,99.37,53.77,72.76,86.93,11.09,40.57,28.21,99.95,2018
62,"Auckland, New Zealand",147.94,89.13,50.63,72.13,107.55,6.35,34.0,29.02,-,2014
63,"Auckland, New Zealand",140.93,91.19,49.62,71.85,114.6,5.61,39.0,34.78,-,2013
64,"Austin, TX, United States",181.79,126.85,65.27,71.56,74.07,4.55,40.28,36.34,67.06,2017
65,"Austin, TX, United States",192.57,143.76,65.4,70.58,69.94,4.03,35.07,36.97,82.01,2019
66,"Austin, TX, United States",199.52,127.48,57.5,73.61,84.21,3.43,28.0,35.2,-,2013
67,"Austin, TX, United States",181.67,139.16,58.78,75.59,70.23,5.43,34.75,46.41,68.33,2016
68,"Austin, TX, United States",198.66,136.39,58.64,77.84,78.26,3.9,36.75,43.8,-,2015
69,"Austin, TX, United States",193.27,140.39,65.38,74.63,72.46,4.0,38.64,33.61,82.65,2018
70,"Baku, Azerbaijan",98.48,29.19,73.25,36.67,31.31,19.71,33.34,82.47,90.02,2018
71,"Baku, Azerbaijan",93.46,30.62,72.53,35.88,28.59,20.06,39.77,86.69,68.09,2017
72,"Baku, Azerbaijan",99.58,31.58,70.56,36.87,29.69,18.16,38.66,79.63,91.4,2019
73,"Baltimore, MD, United States",162.54,116.79,29.76,82.29,76.57,2.54,36.37,46.95,83.14,2018
74,"Baltimore, MD, United States",167.98,125.36,28.75,80.29,75.24,2.59,32.74,43.88,81.24,2019
75,"Bangalore, India",138.04,113.87,50.0,58.41,25.9,8.19,48.92,83.51,75.24,2016
76,"Bangalore, India",128.22,100.26,50.33,66.96,30.34,7.68,52.84,83.75,87.41,2018
77,"Bangalore, India",96.33,74.04,48.97,69.38,31.46,7.57,49.45,67.98,-,2013
78,"Bangalore, India",117.34,96.06,52.74,68.47,27.06,8.09,52.09,82.98,40.05,2017
79,"Bangalore, India",90.1,74.25,49.59,69.38,28.3,8.13,45.12,76.56,-,2014
80,"Bangalore, India",128.65,88.26,54.25,68.55,27.88,8.15,50.61,82.13,89.39,2019
81,"Bangalore, India",86.34,71.56,38.78,71.78,35.47,8.28,37.38,72.84,-,2012
82,"Bangalore, India",90.15,79.69,48.68,66.01,28.12,8.45,49.68,76.69,-,2015
83,"Bangkok, Thailand",51.49,50.32,54.73,82.25,48.68,22.26,50.73,73.29,-45.35,2016
84,"Bangkok, Thailand",93.8,41.15,54.25,78.52,55.25,22.94,45.92,73.85,58.39,2019
85,"Bangkok, Thailand",52.63,38.19,63.9,95.96,59.58,20.0,38.57,75.26,-,2013
86,"Bangkok, Thailand",57.3,49.07,51.44,82.16,49.65,19.45,50.69,72.28,-35.99,2017
87,"Bangkok, Thailand",-6.17,30.29,55.47,92.59,58.87,34.1,38.75,90.0,-,2012
88,"Bangkok, Thailand",46.89,39.31,62.05,90.15,52.81,19.91,36.5,80.41,-,2014
89,"Bangkok, Thailand",98.18,44.94,52.94,81.83,55.79,20.88,44.9,74.34,58.39,2018
90,"Bangkok, Thailand",46.11,42.45,64.3,86.42,52.1,19.24,48.9,79.43,-,2015
91,"Banja Luka, Bosnia And Herzegovina",152.36,60.43,69.38,50.14,34.59,12.14,24.4,51.41,77.96,2016
92,"Banja Luka, Bosnia And Herzegovina",69.29,42.62,66.33,39.35,51.44,13.08,24.6,59.0,-,2014
93,"Banja Luka, Bosnia And Herzegovina",77.69,46.33,66.33,39.35,42.46,11.63,24.6,59.0,-,2015
94,"Banja Luka, Bosnia And Herzegovina",87.78,47.11,71.15,58.33,48.52,13.41,17.0,61.82,-,2013
95,"Banja Luka, Bosnia And Herzegovina",150.78,51.23,72.66,51.71,34.7,12.83,26.91,48.31,77.42,2017
96,"Barcelona, Spain",81.53,78.06,58.53,58.47,88.48,12.93,30.5,75.86,-,2013
97,"Barcelona, Spain",147.64,83.1,60.35,72.99,61.13,11.78,35.5,69.43,86.15,2017
98,"Barcelona, Spain",158.99,111.05,58.21,70.75,62.86,9.84,35.55,70.97,89.34,2016
99,"Barcelona, Spain",93.26,73.62,57.89,69.47,68.94,11.11,28.71,73.16,-,2015
100,"Barcelona, Spain",135.19,77.27,54.16,71.95,69.75,13.99,31.93,69.84,95.73,2018
101,"Barcelona, Spain",141.85,76.02,57.25,75.36,60.2,13.81,31.03,65.83,95.73,2019
102,"Barcelona, Spain",83.25,66.67,59.13,69.75,82.13,12.96,28.71,70.94,-,2014
103,"Beijing, China",75.2,70.92,58.35,66.09,48.92,33.75,51.45,93.3,45.36,2017
104,"Beijing, China",84.38,85.73,63.42,55.56,51.39,33.45,46.8,89.09,45.36,2016
105,"Beijing, China",-2.49,53.27,54.42,60.56,52.97,33.06,36.17,97.05,-,2015
106,"Beijing, China",65.11,70.73,47.21,63.29,43.71,45.3,45.0,88.71,57.64,2019
107,"Beijing, China",63.2,76.61,51.91,64.14,46.09,48.13,48.58,91.9,57.7,2018
108,"Beirut, Lebanon",105.6,49.12,54.94,68.81,60.41,15.14,38.23,90.47,94.74,2019
109,"Beirut, Lebanon",13.72,43.59,54.04,54.17,77.87,17.5,41.75,91.03,-,2013
110,"Beirut, Lebanon",13.51,40.45,50.02,63.43,73.62,18.66,41.75,88.25,-,2014
111,"Beirut, Lebanon",104.16,51.84,50.82,67.72,64.27,15.05,35.21,87.37,69.39,2017
112,"Beirut, Lebanon",20.2,46.77,47.53,70.23,69.86,17.93,41.75,91.64,-,2015
113,"Beirut, Lebanon",105.98,65.42,48.85,71.94,66.37,15.05,39.57,92.99,73.42,2016
114,"Beirut, Lebanon",104.39,52.68,50.09,69.42,65.03,17.43,33.33,90.3,93.94,2018
115,"Belfast, United Kingdom",181.65,95.29,65.94,33.33,92.78,4.2,20.67,7.47,-,2013
116,"Belgrade, Serbia",47.08,39.25,62.03,52.53,54.93,20.41,26.0,65.14,-,2013
117,"Belgrade, Serbia",127.65,40.31,62.88,55.58,36.28,21.24,33.42,58.53,84.16,2017
118,"Belgrade, Serbia",129.77,47.59,59.35,57.21,36.55,20.21,31.03,61.29,84.16,2016
119,"Belgrade, Serbia",114.94,40.25,63.05,54.14,43.99,21.69,32.3,60.16,84.02,2018
120,"Belgrade, Serbia",112.44,38.01,62.75,54.78,39.3,22.21,34.73,60.9,84.14,2019
121,"Belgrade, Serbia",63.97,39.64,63.96,52.72,54.88,18.04,26.0,54.95,-,2014
122,"Belgrade, Serbia",57.49,40.02,59.43,53.78,45.17,18.24,26.76,60.09,-,2015
123,"Belgrade, Serbia",5.63,32.04,68.62,47.62,60.0,24.48,26.0,92.74,-,2012
124,"Belo Horizonte, Brazil",35.23,40.7,34.32,60.32,52.36,19.84,51.5,50.47,-,2015
125,"Belo Horizonte, Brazil",95.4,35.32,30.91,56.89,50.41,19.98,52.37,57.97,98.74,2018
126,"Belo Horizonte, Brazil",107.78,35.19,34.02,59.22,43.53,16.89,45.47,53.76,98.5,2019
127,"Bergen, Norway",191.28,105.33,83.33,84.95,156.54,8.47,34.0,18.78,-,2013
128,"Bergen, Norway",196.96,99.55,84.27,89.4,140.03,9.05,28.4,15.19,-,2014
129,"Berlin, Germany",172.32,114.09,59.03,75.3,74.32,9.6,32.31,41.32,83.35,2018
130,"Berlin, Germany",174.73,116.11,63.28,78.7,64.18,8.84,32.42,42.15,62.3,2017
131,"Berlin, Germany",170.63,97.08,67.45,75.0,74.72,7.49,42.0,28.61,-,2015
132,"Berlin, Germany",166.8,104.74,60.19,70.27,68.62,10.53,33.21,40.63,83.35,2019
133,"Berlin, Germany",215.25,140.62,77.34,64.81,89.06,5.74,23.0,40.0,-,2012
134,"Berlin, Germany",177.4,122.7,61.46,76.03,66.34,8.59,33.5,38.05,62.3,2016
135,"Berlin, Germany",213.5,125.98,75.82,65.48,82.21,4.87,26.0,27.9,-,2013
136,"Berlin, Germany",173.06,99.44,72.25,73.08,84.51,6.22,49.46,28.04,-,2014
137,"Birmingham, United Kingdom",157.35,96.21,44.32,73.74,63.07,7.97,36.29,44.4,87.66,2019
138,"Bogota, Colombia",22.54,24.72,62.5,87.5,71.19,16.68,48.75,85.83,-,2012
139,"Bogota, Colombia",24.82,30.24,44.31,63.89,55.27,15.97,45.5,69.85,-,2014
140,"Bogota, Colombia",35.7,33.47,47.03,64.29,42.8,15.74,45.36,67.46,-,2015
141,"Bogota, Colombia",93.48,30.49,39.1,65.38,32.48,23.97,47.76,68.55,97.12,2019
142,"Bogota, Colombia",99.9,42.03,38.42,67.43,38.99,18.66,49.53,72.27,97.21,2018
143,"Bogota, Colombia",100.82,41.38,40.66,70.92,32.43,19.98,47.37,74.81,71.21,2016
144,"Bogota, Colombia",28.0,27.33,53.98,73.89,63.55,17.29,46.67,71.15,-,2013
145,"Bogota, Colombia",94.42,36.69,36.36,65.23,38.32,21.08,46.03,74.14,73.33,2017
146,"Boston, MA, United States",170.98,101.35,67.14,76.95,87.05,10.33,45.83,23.96,72.03,2018
147,"Boston, MA, United States",197.29,118.78,58.87,79.59,89.37,3.2,42.14,25.09,-,2015
148,"Boston, MA, United States",183.53,131.75,64.25,73.39,89.4,7.55,47.62,24.58,69.96,2017
149,"Boston, MA, United States",188.42,106.94,59.31,78.04,100.97,7.07,42.4,11.49,-,2013
150,"Boston, MA, United States",181.01,121.89,66.79,75.6,82.68,8.48,43.36,25.29,71.73,2019
151,"Boston, MA, United States",189.02,124.49,60.13,79.02,84.7,7.56,34.71,24.94,72.07,2016
152,"Boston, MA, United States",192.59,115.63,61.21,79.35,92.94,4.62,42.4,24.59,-,2014
153,"Brasilia, Brazil",111.15,66.93,42.21,48.07,58.75,11.93,20.8,30.46,-,2015
154,"Brasilia, Brazil",129.05,48.71,35.48,41.23,56.06,16.05,30.31,34.66,81.71,2017
155,"Brasilia, Brazil",143.23,68.33,34.74,41.41,40.69,14.75,30.82,32.66,84.08,2016
156,"Brasilia, Brazil",143.16,63.18,36.25,49.14,47.05,11.62,29.66,32.6,98.97,2019
157,"Brasilia, Brazil",128.31,49.33,35.56,46.98,53.84,16.38,34.71,32.92,99.21,2018
158,"Brasov, Romania",108.43,36.93,73.44,32.59,43.3,11.29,27.5,19.87,-,2015
159,"Bratislava, Slovakia",156.11,72.02,65.97,62.04,49.76,12.5,28.1,44.17,70.89,2016
160,"Bratislava, Slovakia",109.19,61.75,65.59,53.89,54.4,10.89,32.2,44.94,-,2015
161,"Bratislava, Slovakia",157.23,70.94,70.31,63.25,47.6,11.39,36.14,41.9,70.63,2017
162,"Bratislava, Slovakia",149.82,70.0,69.72,58.37,48.4,12.4,30.38,46.29,80.72,2019
163,"Bratislava, Slovakia",108.53,56.99,65.62,59.72,70.36,11.03,45.0,33.91,-,2013
164,"Bratislava, Slovakia",154.15,72.75,69.31,63.16,53.64,12.16,32.09,42.04,80.16,2018
165,"Brisbane, Australia",198.29,130.41,65.13,80.71,82.17,6.81,41.88,23.08,97.91,2018
166,"Brisbane, Australia",174.14,100.05,61.75,77.78,95.49,6.38,46.56,20.96,-,2015
167,"Brisbane, Australia",202.9,130.82,65.7,82.21,69.78,6.5,41.0,20.8,98.07,2019
168,"Brisbane, Australia",147.46,97.74,48.39,86.11,122.97,5.77,52.0,32.5,-,2012
169,"Brisbane, Australia",203.68,140.66,63.87,79.53,76.52,7.74,42.56,21.25,84.31,2016
170,"Brisbane, Australia",192.69,118.86,63.97,79.68,79.8,6.97,42.43,21.7,79.79,2017
171,"Brisbane, Australia",171.2,101.62,54.16,88.89,129.02,4.53,50.33,20.46,-,2013
172,"Brisbane, Australia",167.15,93.27,62.65,75.15,106.39,5.58,45.82,20.33,-,2014
173,"Bristol, United Kingdom",176.87,111.48,60.41,73.24,69.07,8.16,27.91,41.55,88.51,2019
174,"Bristol, United Kingdom",164.86,101.12,62.52,87.78,97.81,13.78,26.33,31.75,-,2015
175,"Brno, Czech Republic",122.87,64.32,67.55,62.5,49.71,11.18,30.0,41.05,-,2015
176,"Brno, Czech Republic",164.58,75.19,73.26,76.22,46.0,11.45,24.99,45.2,78.17,2019
177,"Brno, Czech Republic",116.97,62.88,65.13,56.76,58.03,10.2,30.22,41.02,-,2014
178,"Brno, Czech Republic",116.45,63.61,65.32,54.31,61.88,10.0,29.8,41.02,-,2013
179,"Brno, Czech Republic",90.44,60.62,67.84,58.1,65.68,10.18,27.25,68.0,-,2012
180,"Brno, Czech Republic",166.42,75.76,71.51,75.87,41.16,10.47,26.18,46.3,65.35,2017
181,"Brno, Czech Republic",161.92,73.86,71.62,76.36,50.29,11.92,26.68,44.15,77.25,2018
182,"Brno, Czech Republic",172.38,93.74,70.14,71.99,41.65,9.67,26.31,43.27,62.06,2016
183,"Brussels, Belgium",83.68,81.03,42.97,84.03,114.64,6.33,22.0,90.0,-,2012
184,"Brussels, Belgium",150.85,96.71,50.6,78.16,75.45,6.91,32.43,62.51,83.85,2019
185,"Brussels, Belgium",111.71,85.34,47.15,73.7,92.77,6.75,21.5,68.04,-,2015
186,"Brussels, Belgium",151.72,104.35,48.69,78.39,83.65,7.03,32.65,63.29,84.56,2018
187,"Brussels, Belgium",152.1,114.79,45.46,76.47,79.07,7.5,31.0,70.47,77.32,2016
188,"Brussels, Belgium",136.27,98.56,46.21,81.35,105.99,5.96,23.2,57.9,-,2013
189,"Brussels, Belgium",115.01,89.83,48.65,70.56,103.82,5.85,24.33,66.96,-,2014
190,"Brussels, Belgium",148.19,95.8,45.48,77.17,75.85,7.49,32.86,64.96,77.32,2017
191,"Bucharest, Romania",28.24,37.19,68.11,50.27,52.12,14.01,38.12,92.66,-,2014
192,"Bucharest, Romania",122.89,58.75,71.12,54.72,44.38,10.58,39.64,72.08,74.49,2018
193,"Bucharest, Romania",122.98,53.59,71.08,51.55,38.54,10.98,37.82,71.28,61.02,2017
194,"Bucharest, Romania",120.77,57.53,72.26,53.69,39.6,11.08,41.53,73.87,75.61,2019
195,"Bucharest, Romania",123.66,59.96,69.74,52.49,37.42,11.51,38.9,72.39,61.02,2016
196,"Bucharest, Romania",28.34,38.55,66.59,52.05,53.93,15.28,36.0,91.85,-,2013
197,"Bucharest, Romania",-17.36,36.31,71.88,55.37,53.98,15.75,34.5,140.71,-,2012
198,"Bucharest, Romania",52.92,39.04,68.73,51.43,44.79,12.82,35.45,76.06,-,2015
199,"Budapest, Hungary",74.71,46.64,61.58,48.67,61.31,9.67,41.54,55.1,-,2014
200,"Budapest, Hungary",86.18,47.99,58.44,54.56,51.15,8.94,35.47,52.08,-,2015
201,"Budapest, Hungary",79.75,45.5,65.82,60.42,61.23,10.39,29.0,62.8,-,2013
202,"Budapest, Hungary",125.49,55.54,63.04,49.79,51.0,14.1,36.98,54.57,77.71,2018
203,"Budapest, Hungary",126.07,57.54,63.49,46.68,45.56,14.83,37.9,52.74,78.41,2019
204,"Budapest, Hungary",49.37,39.19,70.16,64.81,65.62,10.49,31.0,90.25,-,2012
205,"Budapest, Hungary",136.9,60.56,58.88,51.85,42.55,10.1,34.44,52.69,66.89,2016
206,"Budapest, Hungary",132.89,52.33,61.36,53.05,43.9,11.59,35.84,52.35,66.49,2017
207,"Buenos Aires, Argentina",5.03,38.77,50.17,76.74,73.66,15.25,52.0,103.5,-,2012
208,"Buenos Aires, Argentina",123.49,60.03,37.59,71.25,56.05,12.98,47.89,57.04,98.22,2018
209,"Buenos Aires, Argentina",70.61,58.67,37.72,79.8,74.75,12.23,45.42,59.13,-,2015
210,"Buenos Aires, Argentina",77.8,57.75,44.86,81.6,71.3,10.47,47.22,60.59,-,2014
211,"Buenos Aires, Argentina",129.99,56.86,38.89,72.42,54.74,13.28,43.71,60.62,90.67,2017
212,"Buenos Aires, Argentina",59.33,53.33,40.54,79.17,74.29,10.68,52.6,66.47,-,2013
213,"Buenos Aires, Argentina",132.74,73.78,37.8,76.38,67.84,12.76,46.5,63.74,91.7,2016
214,"Buenos Aires, Argentina",112.47,53.49,37.13,69.18,35.3,23.81,48.51,54.5,98.28,2019
215,"Bursa, Turkey",179.35,80.74,73.22,78.78,43.58,3.94,40.0,25.71,57.45,2016
216,"Bursa, Turkey",164.45,43.84,76.42,79.35,36.02,5.84,35.23,40.65,93.39,2019
217,"Bursa, Turkey",188.48,67.07,78.62,86.54,35.32,4.62,37.65,30.08,76.58,2017
218,"Bursa, Turkey",156.73,58.66,83.23,76.98,49.33,4.34,42.38,28.11,-,2015
219,"Bursa, Turkey",172.7,55.63,80.27,81.93,40.26,5.87,36.78,37.58,92.64,2018
220,"Cairo, Egypt",-35.66,18.35,61.33,70.83,52.69,15.51,58.75,129.5,-,2012
221,"Cairo, Egypt",76.01,25.27,44.12,43.71,26.49,12.5,49.64,94.74,88.45,2018
222,"Cairo, Egypt",-12.49,27.48,38.95,51.09,38.18,10.55,60.29,100.83,-,2015
223,"Cairo, Egypt",76.45,24.72,47.6,42.91,27.87,12.75,51.72,93.73,88.45,2019
224,"Cairo, Egypt",-4.08,26.52,46.87,56.09,39.58,10.78,64.5,97.07,-,2014
225,"Cairo, Egypt",82.36,39.61,41.73,46.44,37.73,10.38,53.45,99.1,75.59,2016
226,"Cairo, Egypt",-8.24,21.6,51.19,56.48,45.17,13.35,58.75,96.36,-,2013
227,"Cairo, Egypt",82.51,28.1,44.09,42.47,22.76,10.81,52.41,95.99,75.59,2017
228,"Calgary, Canada",195.85,118.47,66.81,68.8,89.29,4.84,39.72,24.72,-,2015
229,"Calgary, Canada",185.67,146.39,67.6,73.46,76.44,4.45,36.89,25.01,33.41,2018
230,"Calgary, Canada",183.33,162.46,67.61,66.72,70.57,5.1,37.08,30.98,32.52,2016
231,"Calgary, Canada",169.1,116.66,67.15,69.55,75.21,5.7,37.09,24.65,33.53,2017
232,"Calgary, Canada",183.08,131.66,68.61,76.24,68.4,5.23,32.89,25.35,33.09,2019
233,"Calgary, Canada",196.6,118.8,66.9,71.05,96.72,5.41,40.36,22.57,-,2014
234,"Calgary, Canada",202.72,121.14,70.47,75.33,105.08,5.97,50.0,16.0,-,2013
235,"Calgary, Canada",190.78,124.25,71.88,70.42,111.71,4.58,62.0,25.08,-,2012
236,"Campinas, Brazil",126.21,47.43,32.83,61.57,46.77,11.9,34.06,49.73,98.87,2019
237,"Canberra, Australia",241.56,168.69,71.97,83.3,76.2,6.01,18.1,10.47,84.12,2016
238,"Canberra, Australia",224.3,146.53,78.66,79.91,69.73,5.44,22.93,13.95,82.72,2019
239,"Canberra, Australia",242.18,134.75,69.15,74.27,96.96,4.79,18.62,8.27,-,2015
240,"Canberra, Australia",219.15,116.18,59.64,91.9,132.16,5.83,10.25,9.48,-,2013
241,"Canberra, Australia",222.99,141.65,73.91,81.03,77.54,5.85,23.3,14.71,79.57,2017
242,"Canberra, Australia",236.98,132.66,64.47,81.85,102.65,4.63,10.8,14.76,-,2014
243,"Canberra, Australia",221.32,139.38,78.82,83.87,80.9,6.23,22.65,13.89,82.58,2018
244,"Cape Town, South Africa",146.69,97.71,28.38,77.35,44.04,4.59,46.73,34.62,-,2015
245,"Cape Town, South Africa",176.19,110.85,31.94,71.67,59.58,3.97,29.75,24.71,-,2013
246,"Cape Town, South Africa",147.8,96.95,30.09,71.3,46.83,4.6,42.44,32.58,-,2014
247,"Cape Town, South Africa",146.52,73.9,29.94,71.62,43.17,8.4,44.4,36.7,98.19,2019
248,"Cape Town, South Africa",153.34,94.27,30.12,74.17,47.55,6.74,46.61,40.54,98.19,2018
249,"Cape Town, South Africa",187.83,126.85,28.0,73.61,34.18,4.46,42.65,32.77,96.23,2016
250,"Cape Town, South Africa",163.83,86.13,29.07,73.11,44.05,6.2,42.12,39.95,96.6,2017
251,"Caracas, Venezuela",-65.08,9.73,15.59,41.67,141.41,25.73,32.25,76.47,-,2015
252,"Caracas, Venezuela",0.0,2.99,13.39,35.73,38.85,254.08,49.5,77.37,91.17,2017
253,"Caracas, Venezuela",0.0,3.72,17.45,38.02,33.64,213.26,47.2,77.12,99.93,2018
254,"Caracas, Venezuela",-35.54,18.0,17.67,45.49,122.82,18.98,38.75,72.65,-,2014
255,"Caracas, Venezuela",0.0,3.86,16.9,41.1,25.01,143.21,40.32,73.51,99.93,2019
256,"Caracas, Venezuela",-34.18,24.23,14.3,44.44,115.12,16.79,38.75,80.38,-,2013
257,"Charlotte, NC, United States",195.85,145.53,54.83,75.0,75.63,2.4,38.02,28.22,84.05,2019
258,"Chennai, India",71.67,60.11,66.78,67.49,30.36,15.07,48.8,76.66,-,2013
259,"Chennai, India",104.46,100.59,54.93,70.34,24.89,12.4,36.38,76.55,-9.54,2016
260,"Chennai, India",68.12,61.56,64.07,65.69,27.12,15.4,47.33,79.45,-,2014
261,"Chennai, India",43.74,64.37,58.85,64.25,32.09,13.2,51.0,103.57,-,2012
262,"Chennai, India",111.19,72.34,57.88,70.09,28.42,13.65,45.56,80.77,55.17,2018
263,"Chennai, India",81.27,79.47,55.35,74.25,26.87,12.57,44.9,78.79,-29.93,2017
264,"Chennai, India",77.26,65.53,57.47,65.69,26.67,14.04,40.94,75.33,-,2015
265,"Chennai, India",107.52,62.95,58.85,70.76,24.97,15.6,45.79,78.22,53.22,2019
266,"Chiang Mai, Thailand",104.11,32.38,67.3,86.71,43.52,17.1,29.67,77.62,30.41,2017
267,"Chicago, IL, United States",161.24,133.36,35.36,68.37,77.75,3.54,40.99,41.03,66.11,2019
268,"Chicago, IL, United States",182.13,121.37,45.48,62.92,81.02,2.71,33.0,31.68,-,2013
269,"Chicago, IL, United States",175.19,117.29,45.09,62.92,81.01,2.82,33.0,34.04,-,2014
270,"Chicago, IL, United States",152.01,122.99,34.61,65.41,84.51,3.55,45.25,39.78,57.87,2017
271,"Chicago, IL, United States",177.47,127.49,39.43,62.92,79.65,3.61,32.5,36.66,-,2015
272,"Chicago, IL, United States",155.91,127.65,32.75,63.79,85.14,4.27,40.17,39.28,61.04,2016
273,"Chicago, IL, United States",153.7,119.17,34.63,64.84,80.16,3.7,45.22,38.87,69.04,2018
274,"Chisinau, Moldova",42.08,23.85,50.3,52.69,34.89,17.16,24.6,57.24,-,2015
275,"Chisinau, Moldova",110.77,32.11,53.39,52.58,25.93,18.68,35.3,63.22,67.71,2016
276,"Cincinnati, OH, United States",178.51,126.99,48.93,68.5,63.48,2.4,26.61,39.77,73.24,2019
277,"Cincinnati, OH, United States",184.35,136.92,51.76,71.23,69.13,2.08,33.13,35.48,73.24,2018
278,"Cluj-Napoca, Romania",87.71,38.67,73.88,45.37,50.08,13.75,27.75,42.67,-,2013
279,"Cluj-Napoca, Romania",117.97,44.82,80.61,56.48,41.95,11.61,23.56,37.15,-,2015
280,"Cluj-Napoca, Romania",160.81,51.76,80.91,67.32,36.81,12.58,29.21,36.11,62.69,2017
281,"Cluj-Napoca, Romania",155.06,54.22,78.84,65.44,37.81,13.49,27.2,39.21,74.35,2019
282,"Cluj-Napoca, Romania",107.89,40.47,77.27,57.14,47.38,12.66,23.2,37.72,-,2014
283,"Cluj-Napoca, Romania",166.61,70.28,78.63,62.27,34.68,11.05,32.75,33.23,61.57,2016
284,"Cluj-Napoca, Romania",156.16,59.81,76.97,62.86,40.51,12.27,28.64,37.56,72.83,2018
285,"Coimbatore, India",127.62,53.91,64.86,70.26,22.31,10.52,51.95,62.69,78.1,2019
286,"Coimbatore, India",68.23,45.17,46.5,80.56,24.85,10.99,63.75,58.27,-,2014
287,"Coimbatore, India",122.54,53.23,60.24,68.36,24.61,10.2,52.47,65.7,79.44,2018
288,"Coimbatore, India",92.69,52.05,58.74,83.8,22.6,10.63,53.2,57.93,-,2015
289,"Coimbatore, India",117.59,51.61,63.25,72.73,23.46,9.81,51.69,63.89,38.34,2017
290,"Cologne, Germany",177.21,125.17,58.71,76.91,67.19,9.21,37.95,39.53,84.85,2019
291,"Colombo, Sri Lanka",89.18,26.24,60.73,71.23,32.31,29.61,58.2,56.92,59.11,2019
292,"Colombo, Sri Lanka",78.93,24.88,68.13,79.15,38.25,22.56,56.47,59.25,2.4,2017
293,"Colombo, Sri Lanka",71.29,26.95,52.14,79.44,38.12,21.11,52.88,61.62,-2.16,2016
294,"Colombo, Sri Lanka",93.98,27.62,62.52,76.28,37.72,26.02,58.22,59.48,59.11,2018
295,"Columbus, OH, United States",191.3,125.47,54.9,70.19,69.13,2.4,25.63,24.38,71.93,2018
296,"Columbus, OH, United States",186.2,120.68,55.53,69.08,71.7,2.64,26.0,24.91,58.23,2017
297,"Columbus, OH, United States",195.88,127.33,57.64,75.28,65.79,2.31,25.21,24.37,71.29,2019
298,"Constanta, Romania",76.83,28.79,61.72,53.24,54.73,13.44,30.75,36.67,-,2012
299,"Constanta, Romania",81.99,26.74,64.19,53.24,52.27,16.7,30.75,25.29,-,2013
300,"Copenhagen, Denmark",165.68,90.2,67.61,85.14,118.92,7.14,24.67,32.4,-,2013
301,"Copenhagen, Denmark",192.9,113.31,78.43,73.81,97.62,8.37,30.76,23.4,83.84,2018
302,"Copenhagen, Denmark",174.66,97.83,69.37,85.74,117.24,6.54,27.57,32.76,-,2014
303,"Copenhagen, Denmark",194.15,126.12,73.22,77.34,89.28,7.68,28.0,27.21,67.66,2016
304,"Copenhagen, Denmark",184.09,102.15,78.77,70.03,87.96,8.3,30.88,24.55,67.07,2017
305,"Copenhagen, Denmark",175.3,96.68,73.2,74.49,105.72,6.78,30.0,28.82,-,2015
306,"Copenhagen, Denmark",194.51,109.33,76.17,77.12,84.59,8.85,28.89,21.47,83.74,2019
307,"Copenhagen, Denmark",155.4,95.37,54.69,89.81,129.34,6.26,36.67,34.17,-,2012
308,"Cork, Ireland",186.62,100.71,69.84,54.61,72.43,4.48,32.73,18.41,89.78,2019
309,"Cork, Ireland",189.09,105.57,70.81,60.51,82.89,6.28,35.47,15.87,90.41,2018
310,"Cork, Ireland",187.33,116.8,67.56,61.96,74.19,6.05,39.5,18.51,70.06,2017
311,"Curitiba, Brazil",132.66,46.26,34.63,60.9,49.43,12.16,36.88,37.79,99.63,2018
312,"Curitiba, Brazil",134.85,38.68,35.58,64.25,40.63,14.31,31.14,35.05,99.6,2019
313,"Curitiba, Brazil",54.19,33.02,41.42,55.69,59.95,15.9,28.25,44.83,-,2014
314,"Curitiba, Brazil",116.0,63.81,53.73,59.03,65.22,9.11,26.0,38.36,-,2013
315,"Curitiba, Brazil",77.95,47.09,57.71,59.03,84.16,10.74,26.0,55.62,-,2012
316,"Curitiba, Brazil",137.0,50.73,34.84,57.0,49.73,11.81,39.05,43.38,93.37,2017
317,"Curitiba, Brazil",139.46,48.79,34.84,49.34,38.34,14.15,35.38,37.44,94.51,2016
318,"Curitiba, Brazil",44.19,30.88,36.41,52.78,52.96,18.71,38.55,38.1,-,2015
319,"Dallas, TX, United States",188.66,158.15,50.48,66.33,66.95,2.36,36.14,39.8,81.85,2019
320,"Dallas, TX, United States",191.44,163.48,56.5,68.12,70.2,2.31,39.97,43.87,72.26,2017
321,"Dallas, TX, United States",191.08,162.37,54.83,67.12,65.94,2.44,37.61,41.84,82.78,2018
322,"Davao, Philippines",102.71,23.17,71.25,71.86,34.82,31.84,27.61,61.99,58.57,2019
323,"Davao, Philippines",113.28,28.86,71.21,73.46,33.67,23.52,30.67,60.83,58.57,2018
324,"Davao, Philippines",72.87,42.08,73.34,71.88,34.59,26.56,28.92,67.19,-33.3,2016
325,"Davao, Philippines",63.79,35.6,71.6,71.9,31.84,25.92,31.12,60.05,-54.27,2017
326,"Delhi, India",83.16,61.15,40.36,66.78,28.0,15.8,55.97,91.88,58.9,2019
327,"Delhi, India",51.45,67.46,41.09,70.29,29.66,15.95,46.38,85.94,-,2015
328,"Delhi, India",89.37,78.33,40.66,64.76,32.14,15.41,55.4,92.25,58.9,2018
329,"Delhi, India",35.91,62.99,58.75,62.5,38.79,11.25,42.86,115.71,-,2012
330,"Delhi, India",80.1,77.84,39.21,65.85,29.19,14.77,52.77,92.93,23.93,2017
331,"Delhi, India",77.68,85.34,39.72,64.34,28.74,18.21,53.39,94.14,22.75,2016
332,"Delhi, India",53.94,63.59,43.62,67.39,30.48,15.75,47.08,79.92,-,2014
333,"Delhi, India",67.36,62.61,47.44,74.99,34.17,13.94,42.86,77.19,-,2013
334,"Denver, CO, United States",171.63,130.1,62.22,70.38,77.31,4.44,37.43,41.63,56.89,2018
335,"Denver, CO, United States",169.82,126.76,57.85,70.96,70.72,4.79,35.21,41.23,56.28,2019
336,"Denver, CO, United States",180.71,139.95,63.56,77.81,82.6,4.11,36.47,37.87,51.86,2017
337,"Denver, CO, United States",205.94,133.98,60.4,82.59,82.1,1.81,43.33,37.93,-,2014
338,"Denver, CO, United States",182.53,127.51,65.67,83.48,78.17,4.81,41.67,33.32,57.58,2016
339,"Denver, CO, United States",203.92,130.06,62.28,83.48,78.59,2.6,52.5,32.43,-,2015
340,"Detroit, MI, United States",145.97,131.62,28.57,56.72,70.2,1.04,47.42,52.14,68.64,2018
341,"Detroit, MI, United States",133.44,100.19,28.16,63.75,60.04,1.72,47.43,55.17,66.03,2019
342,"Dhaka, Bangladesh",61.58,37.72,29.43,39.95,33.64,14.07,55.53,94.15,71.29,2018
343,"Dhaka, Bangladesh",24.13,38.59,30.89,38.88,37.3,14.86,62.33,95.35,-10.49,2017
344,"Dhaka, Bangladesh",60.46,38.45,32.91,37.92,33.91,13.23,63.25,93.08,71.29,2019
345,"Dhaka, Bangladesh",29.84,43.19,29.64,37.54,38.64,11.61,63.88,91.12,-10.49,2016
346,"Dhaka, Bangladesh",-12.29,34.65,34.55,35.56,40.41,11.92,57.67,94.89,-,2015
347,"Dnipro, Ukraine",94.31,34.84,44.94,48.71,28.72,11.14,32.25,81.93,69.52,2019
348,"Doha, Qatar",135.69,144.01,77.18,70.16,70.0,7.23,33.56,82.77,9.26,2016
349,"Doha, Qatar",180.84,151.71,72.83,68.06,82.91,4.97,30.5,82.76,-,2013
350,"Doha, Qatar",158.5,120.86,85.52,70.26,66.12,4.93,34.78,70.41,45.48,2018
351,"Doha, Qatar",167.25,135.96,87.83,72.29,58.9,5.69,31.66,66.84,36.03,2019
352,"Doha, Qatar",143.45,114.56,78.75,75.0,74.0,8.14,29.27,86.94,-,2015
353,"Doha, Qatar",131.31,111.7,83.43,65.58,69.02,6.36,32.97,73.94,9.26,2017
354,"Dubai, United Arab Emirates",139.71,113.31,79.24,61.17,71.46,5.8,34.82,55.95,10.2,2017
355,"Dubai, United Arab Emirates",143.82,129.65,77.16,59.69,70.12,5.57,32.68,58.11,8.36,2016
356,"Dubai, United Arab Emirates",162.45,106.3,78.42,60.98,70.34,6.33,31.58,55.64,-,2015
357,"Dubai, United Arab Emirates",174.64,115.52,77.17,67.04,70.78,5.33,35.43,54.74,-,2014
358,"Dubai, United Arab Emirates",174.04,133.54,82.96,66.51,55.09,3.85,39.72,52.5,50.27,2019
359,"Dubai, United Arab Emirates",165.59,123.71,80.97,64.27,72.58,4.66,38.25,53.7,50.27,2018
360,"Dubai, United Arab Emirates",161.35,136.08,57.81,63.89,83.96,7.26,17.0,75.21,-,2012
361,"Dubai, United Arab Emirates",195.49,126.88,80.64,67.78,76.43,4.48,26.0,53.51,-,2013
362,"Dublin, Ireland",123.66,88.34,39.75,38.25,111.45,6.57,24.12,31.14,-,2014
363,"Dublin, Ireland",147.02,88.11,49.36,51.23,89.92,9.88,39.69,35.22,86.4,2018
364,"Dublin, Ireland",135.81,92.58,51.69,41.12,114.07,6.83,23.5,32.86,-,2013
365,"Dublin, Ireland",146.98,90.73,49.55,49.67,77.39,10.57,38.06,37.87,85.89,2019
366,"Dublin, Ireland",117.57,88.79,44.09,25.46,124.54,6.89,11.67,37.5,-,2012
367,"Dublin, Ireland",154.93,99.0,47.19,51.07,79.72,8.01,36.87,32.99,71.38,2017
368,"Dublin, Ireland",128.71,88.89,45.44,44.3,95.56,6.85,35.79,30.69,-,2015
369,"Dublin, Ireland",160.23,120.17,45.59,48.18,80.34,9.86,35.73,32.7,71.38,2016
370,"Durban, South Africa",139.07,96.43,20.79,46.26,46.3,3.22,31.82,54.84,95.75,2018
371,"Durban, South Africa",148.94,119.96,20.1,43.22,33.35,3.0,38.7,53.61,76.76,2016
372,"Durban, South Africa",142.35,87.84,20.23,51.43,39.96,3.27,27.62,51.4,95.61,2019
373,"Durban, South Africa",140.95,98.38,21.42,46.27,40.94,2.75,36.13,55.7,77.02,2017
374,"Edinburgh, United Kingdom",200.47,100.17,70.97,80.63,72.04,7.09,20.59,15.57,69.68,2017
375,"Edinburgh, United Kingdom",195.1,96.34,71.96,68.19,91.74,5.62,21.43,14.01,-,2015
376,"Edinburgh, United Kingdom",194.28,104.25,68.6,80.78,79.2,8.24,24.77,20.23,84.01,2018
377,"Edinburgh, United Kingdom",190.43,102.18,69.13,80.38,69.5,8.7,27.66,23.54,84.01,2019
378,"Edinburgh, United Kingdom",211.25,131.35,71.39,77.73,74.92,6.81,22.78,15.59,70.99,2016
379,"Edmonton, Canada",172.86,101.79,60.55,76.68,84.92,4.49,45.5,28.97,-,2015
380,"Edmonton, Canada",204.86,124.69,58.98,78.89,112.1,3.59,35.33,21.25,-,2012
381,"Edmonton, Canada",187.41,102.13,62.96,76.15,92.66,4.08,33.6,21.53,-,2014
382,"Edmonton, Canada",208.74,118.62,68.86,78.83,102.64,3.54,33.6,21.53,-,2013
383,"Edmonton, Canada",170.54,128.64,59.81,74.83,70.76,5.39,38.0,28.49,33.57,2016
384,"Edmonton, Canada",172.9,119.88,58.28,78.08,65.23,4.44,30.59,29.8,32.11,2019
385,"Edmonton, Canada",158.83,113.83,59.29,76.06,72.74,5.56,35.22,27.6,18.7,2017
386,"Edmonton, Canada",174.39,131.93,58.28,76.02,76.01,4.26,35.0,26.13,26.58,2018
387,"Eindhoven, Netherlands",216.39,127.31,74.89,85.62,71.79,4.48,21.38,18.52,85.38,2019
388,"Eindhoven, Netherlands",208.04,119.87,75.68,86.76,78.72,5.23,27.94,20.74,85.33,2018
389,"Eindhoven, Netherlands",196.38,116.79,74.63,87.37,70.28,5.12,30.36,20.53,50.9,2017
390,"Frankfurt, Germany",172.95,119.06,55.88,72.39,70.81,11.07,27.46,41.88,84.72,2019
391,"Frankfurt, Germany",170.6,114.94,60.89,71.49,75.21,8.87,27.58,37.27,56.25,2017
392,"Frankfurt, Germany",183.57,142.76,54.46,68.94,81.65,7.85,26.66,40.58,84.18,2018
393,"Frankfurt, Germany",214.97,139.18,72.48,63.1,96.57,5.07,28.75,31.29,-,2014
394,"Frankfurt, Germany",210.97,139.55,70.04,63.1,83.53,5.76,27.17,35.85,-,2015
395,"Gdansk, Poland",176.11,81.93,72.46,64.41,39.32,10.86,26.1,32.68,69.82,2016
396,"Gdansk, Poland",164.78,72.35,68.23,60.51,41.65,10.35,28.17,28.58,75.51,2019
397,"Gdansk, Poland",158.57,72.77,58.55,62.37,49.01,10.26,28.91,28.71,71.99,2018
398,"Gdansk, Poland",171.53,72.08,68.78,62.88,39.06,10.07,26.35,31.03,69.82,2017
399,"Gdansk, Poland",140.64,66.26,71.09,63.03,44.38,9.12,26.75,34.97,-,2015
400,"Geneva, Switzerland",187.84,126.36,72.11,69.92,118.87,10.34,24.81,29.44,82.61,2019
401,"Geneva, Switzerland",189.65,130.96,73.53,70.15,134.83,10.23,24.05,28.69,81.89,2018
402,"Geneva, Switzerland",179.04,121.11,72.52,68.85,132.79,11.19,23.0,28.74,70.4,2017
403,"Geneva, Switzerland",203.58,181.03,64.49,68.92,129.07,9.96,22.0,27.92,73.48,2016
404,"Geneva, Switzerland",189.91,130.21,62.15,60.0,145.18,10.13,17.6,23.81,-,2015
405,"Gent, Belgium",168.62,90.1,75.08,83.72,73.71,9.04,43.13,45.07,88.72,2019
406,"Glasgow, United Kingdom",175.59,103.45,52.75,87.45,68.91,5.0,45.11,29.95,68.32,2017
407,"Glasgow, United Kingdom",183.26,110.77,55.14,84.35,64.25,6.05,36.27,30.0,84.78,2019
408,"Glasgow, United Kingdom",166.76,99.32,47.34,91.87,92.77,5.18,47.67,26.25,-,2015
409,"Gothenburg, Sweden",177.88,112.08,54.08,63.49,76.01,10.26,20.73,20.53,60.25,2017
410,"Gothenburg, Sweden",185.31,112.94,56.49,71.1,71.49,10.65,23.85,18.99,77.49,2019
411,"Gothenburg, Sweden",183.85,112.1,58.13,68.79,84.38,10.67,20.94,20.23,76.48,2018
412,"Guadalajara, Mexico",132.01,50.43,46.13,78.38,29.39,7.33,48.57,71.24,84.8,2017
413,"Guadalajara, Mexico",137.82,71.87,45.8,76.72,34.19,5.58,43.12,67.35,92.83,2018
414,"Guadalajara, Mexico",120.33,48.77,42.07,78.18,32.94,11.94,40.34,70.52,92.83,2019
415,"Guatemala City, Guatemala",111.76,43.45,39.58,64.38,42.89,10.91,47.82,68.02,99.89,2019
416,"Gurgaon, India",104.78,110.16,37.54,75.24,31.4,7.85,49.38,88.65,19.54,2017
417,"Gurgaon, India",116.76,110.97,35.01,72.37,34.9,7.57,43.37,91.8,59.58,2018
418,"Gurgaon, India",118.57,104.0,38.66,72.34,30.85,7.78,39.37,91.06,59.87,2019
419,"Haifa, Israel",148.51,91.12,67.46,74.59,73.82,11.16,30.33,73.48,93.57,2019
420,"Halifax, Canada",172.05,96.73,57.89,71.09,68.86,6.11,28.86,24.38,58.99,2019
421,"Halifax, Canada",174.11,94.86,54.21,75.33,76.49,5.76,27.0,21.66,55.85,2017
422,"Halifax, Canada",170.56,95.7,57.23,74.66,82.03,5.4,32.21,24.22,58.99,2018
423,"Hamburg, Germany",164.35,98.13,66.73,63.33,81.79,8.48,28.62,32.87,-,2015
424,"Hamburg, Germany",176.03,116.06,48.89,79.2,80.75,8.79,32.96,31.37,83.21,2018
425,"Hamburg, Germany",168.7,106.88,52.01,82.92,75.76,9.56,33.81,27.52,53.48,2017
426,"Hamburg, Germany",186.29,151.98,51.37,75.45,72.18,8.69,32.91,31.07,59.85,2016
427,"Hamburg, Germany",201.55,111.66,74.48,82.41,95.64,9.89,26.5,20.02,-,2013
428,"Hamburg, Germany",177.64,108.24,53.39,78.98,72.84,9.76,31.36,28.2,82.75,2019
429,"Hamilton, Canada",166.24,122.71,55.01,82.37,65.26,6.86,36.76,48.47,62.35,2018
430,"Hamilton, Canada",189.47,161.52,55.28,78.23,56.01,5.18,40.89,43.73,63.81,2016
431,"Hamilton, Canada",177.67,130.23,51.91,80.01,61.51,5.83,38.25,41.43,64.99,2017
432,"Hamilton, Canada",194.49,103.28,64.32,86.67,92.38,3.42,21.25,29.43,-,2013
433,"Hamilton, Canada",167.55,125.58,52.83,82.51,59.71,6.22,35.81,48.53,61.06,2019
434,"Hanoi, Vietnam",96.73,39.09,56.87,51.89,38.93,16.86,25.31,91.56,79.04,2019
435,"Helsinki, Finland",174.73,110.6,72.85,74.64,78.35,10.31,35.97,18.04,40.43,2017
436,"Helsinki, Finland",166.31,91.39,64.37,71.37,94.2,10.94,27.0,19.83,-,2015
437,"Helsinki, Finland",180.24,129.76,68.67,75.43,79.61,10.17,31.0,21.42,39.4,2016
438,"Helsinki, Finland",186.4,105.32,77.42,73.93,78.33,12.39,32.08,13.01,62.79,2019
439,"Helsinki, Finland",186.75,113.87,75.58,75.15,87.77,10.99,36.0,13.99,61.33,2018
440,"Ho Chi Minh City, Vietnam",80.27,36.92,43.5,55.62,41.28,17.33,30.22,94.6,63.44,2018
441,"Ho Chi Minh City, Vietnam",32.2,32.45,41.89,52.44,43.27,21.65,30.62,94.64,-27.99,2017
442,"Ho Chi Minh City, Vietnam",-15.65,23.1,48.68,38.89,43.97,19.93,33.43,94.33,-,2015
443,"Ho Chi Minh City, Vietnam",8.92,25.01,41.39,43.94,42.46,31.69,33.23,94.0,-39.79,2016
444,"Ho Chi Minh City, Vietnam",72.64,29.87,43.78,55.48,38.39,22.92,31.29,93.21,63.44,2019
445,"Hong Kong, Hong Kong",94.45,81.45,79.32,67.99,79.96,36.15,42.22,69.9,29.73,2017
446,"Hong Kong, Hong Kong",118.49,92.55,83.69,67.59,82.95,17.48,40.83,63.65,-,2013
447,"Hong Kong, Hong Kong",65.24,67.12,82.2,80.62,77.36,36.83,44.6,57.41,-,2015
448,"Hong Kong, Hong Kong",79.12,68.36,82.03,73.98,82.73,25.87,40.43,64.25,-,2014
449,"Hong Kong, Hong Kong",108.33,102.32,79.15,74.3,81.48,37.57,46.4,67.17,39.9,2016
450,"Hong Kong, Hong Kong",110.28,82.86,79.1,63.81,78.72,41.08,41.26,69.35,83.64,2018
451,"Hong Kong, Hong Kong",100.9,69.34,80.68,67.35,78.14,49.42,41.0,66.39,83.64,2019
452,"Honolulu, HI, United States",164.22,101.03,56.22,69.92,95.67,8.66,42.52,36.85,95.33,2019
453,"Honolulu, HI, United States",149.99,85.56,63.62,65.51,99.54,10.01,39.36,42.9,71.9,2017
454,"Honolulu, HI, United States",161.81,103.08,58.27,66.93,94.15,8.99,42.0,41.5,95.23,2018
455,"Houston, TX, United States",150.98,121.27,40.8,75.29,89.86,2.65,39.77,60.37,-,2015
456,"Houston, TX, United States",145.37,120.57,43.21,75.61,86.52,2.59,40.94,67.46,-,2014
457,"Houston, TX, United States",161.36,150.24,37.31,74.39,75.4,1.93,43.51,57.12,59.4,2017
458,"Houston, TX, United States",149.92,138.45,40.66,66.76,75.19,3.28,38.0,69.72,62.62,2016
459,"Houston, TX, United States",162.23,133.92,38.28,79.44,78.09,2.1,43.0,63.79,-,2013
460,"Houston, TX, United States",167.14,145.38,39.14,72.12,70.37,2.28,43.25,55.77,86.08,2018
461,"Houston, TX, United States",171.0,146.52,39.09,72.27,63.62,2.2,42.21,52.36,85.53,2019
462,"Hyderabad, India",104.9,72.81,63.1,63.89,29.45,6.15,45.0,71.49,-,2013
463,"Hyderabad, India",128.79,67.71,65.08,67.46,24.0,7.7,41.96,76.88,73.54,2019
464,"Hyderabad, India",84.99,71.13,58.39,66.76,25.77,6.57,50.45,84.78,-,2015
465,"Hyderabad, India",80.33,66.59,59.24,62.77,25.56,6.93,50.45,82.88,-,2014
466,"Hyderabad, India",138.1,94.58,57.31,73.45,24.06,6.73,42.45,83.71,61.61,2016
467,"Hyderabad, India",129.9,74.08,62.71,69.55,24.06,7.07,40.36,80.55,53.7,2017
468,"Hyderabad, India",130.77,80.9,62.01,68.65,26.92,6.52,42.95,81.23,74.39,2018
469,"Iasi, Romania",136.59,49.63,74.67,65.51,33.87,12.75,34.6,61.27,61.73,2017
470,"Iasi, Romania",134.81,53.58,74.56,57.98,36.08,10.84,33.44,60.41,73.04,2019
471,"Iasi, Romania",136.31,51.29,73.31,59.55,39.81,11.94,29.71,57.38,73.04,2018
472,"Indianapolis, IN, United States",166.91,116.83,44.83,68.96,67.05,2.26,30.83,43.11,69.92,2019
473,"Islamabad, Pakistan",143.6,46.21,67.12,64.1,23.14,9.45,30.88,48.8,76.91,2019
474,"Islamabad, Pakistan",76.95,34.56,56.56,67.22,35.08,11.34,19.2,59.35,-,2015
475,"Istanbul, Turkey",111.44,42.03,51.01,67.87,37.66,12.49,52.57,69.73,93.02,2019
476,"Istanbul, Turkey",72.75,53.02,57.87,72.22,53.4,10.01,56.61,65.79,-,2015
477,"Istanbul, Turkey",116.5,54.57,49.65,67.89,44.73,12.38,55.03,67.11,95.38,2018
478,"Istanbul, Turkey",70.62,56.89,57.13,66.74,53.56,8.59,68.38,65.42,-,2014
479,"Istanbul, Turkey",77.02,62.92,57.64,80.38,68.98,7.44,72.4,69.44,-,2013
480,"Istanbul, Turkey",130.51,60.18,53.56,71.75,48.68,11.7,59.27,63.81,89.13,2016
481,"Istanbul, Turkey",55.71,58.8,66.63,73.89,77.93,6.11,74.4,90.0,-,2012
482,"Istanbul, Turkey",126.44,55.18,49.8,69.69,41.56,11.82,55.67,65.82,86.87,2017
483,"Izmir, Turkey",162.47,66.68,69.25,84.03,43.47,6.52,37.71,65.47,90.56,2016
484,"Izmir, Turkey",140.65,43.44,72.47,71.92,35.24,9.12,39.22,62.65,96.88,2019
485,"Izmir, Turkey",144.19,54.23,73.43,77.11,36.14,8.28,40.36,64.83,67.68,2017
486,"Izmir, Turkey",95.32,47.46,74.33,82.58,48.51,7.73,26.0,76.02,-,2015
487,"Izmir, Turkey",147.21,54.57,73.03,74.47,40.97,8.14,37.88,62.75,96.29,2018
488,"Jacksonville, FL, United States",185.15,133.31,41.71,74.83,69.0,2.03,35.19,32.56,87.81,2019
489,"Jakarta, Indonesia",-4.01,25.0,51.2,64.47,44.69,23.69,50.7,82.97,-,2015
490,"Jakarta, Indonesia",59.41,37.46,49.56,58.19,43.92,22.62,48.75,82.88,14.81,2016
491,"Jakarta, Indonesia",78.68,34.8,46.86,61.24,46.47,17.6,54.26,82.32,63.3,2018
492,"Jakarta, Indonesia",71.32,27.5,46.62,58.95,41.52,21.24,55.91,81.71,63.76,2019
493,"Jakarta, Indonesia",-13.03,31.65,51.73,38.33,58.01,14.93,56.25,98.06,-,2013
494,"Jakarta, Indonesia",57.4,41.45,47.22,62.97,48.43,16.85,57.25,86.43,9.62,2017
495,"Jakarta, Indonesia",-6.99,28.47,46.89,48.06,45.62,17.51,56.43,87.29,-,2014
496,"Jeddah (Jiddah), Saudi Arabia",134.03,113.18,51.19,56.7,51.0,3.48,39.21,78.96,63.92,2018
497,"Jeddah (Jiddah), Saudi Arabia",150.72,120.56,64.93,49.26,50.59,3.38,34.0,74.29,-,2015
498,"Jeddah (Jiddah), Saudi Arabia",143.15,102.74,61.98,55.97,49.58,3.33,33.2,72.73,66.17,2019
499,"Jeddah (Jiddah), Saudi Arabia",114.29,111.99,71.22,56.72,50.07,3.47,43.92,78.94,-1.45,2017
500,"Johannesburg, South Africa",115.74,118.08,17.21,57.05,48.96,2.68,39.87,73.68,-,2015
501,"Johannesburg, South Africa",142.27,111.67,21.51,60.11,44.99,2.8,46.44,72.72,92.6,2017
502,"Johannesburg, South Africa",93.79,94.16,16.07,59.98,67.16,3.68,34.62,69.31,-,2013
503,"Johannesburg, South Africa",108.14,98.51,16.39,60.62,52.81,3.24,36.83,62.51,-,2014
504,"Johannesburg, South Africa",148.52,130.0,16.64,60.3,37.58,2.97,44.82,73.68,92.2,2016
505,"Johannesburg, South Africa",129.37,89.95,19.71,58.96,45.76,3.55,42.31,61.84,91.38,2019
506,"Johannesburg, South Africa",75.67,97.31,13.04,69.07,78.79,2.77,36.0,91.67,-,2012
507,"Johannesburg, South Africa",142.3,125.99,21.14,61.41,50.02,2.52,44.92,65.58,91.42,2018
508,"Kansas City, MO, United States",185.36,135.13,39.77,75.25,68.81,2.08,24.54,33.71,75.08,2019
509,"Karachi, Pakistan",85.03,43.21,35.82,57.25,28.61,8.52,40.84,95.29,50.24,2017
510,"Karachi, Pakistan",82.09,39.06,37.8,58.22,27.1,11.05,45.22,94.51,70.96,2018
511,"Karachi, Pakistan",-13.27,30.39,20.2,47.1,31.91,14.29,27.25,98.77,-,2015
512,"Karachi, Pakistan",75.1,50.76,30.3,55.2,28.59,11.1,40.6,88.58,27.47,2016
513,"Karachi, Pakistan",82.06,33.2,41.57,58.7,21.58,16.85,39.12,91.04,71.32,2019
514,"Kathmandu, Nepal",78.69,25.32,64.89,55.51,31.19,29.22,41.79,95.6,92.64,2019
515,"Kelowna, Canada",174.26,105.57,51.81,71.3,66.99,5.36,29.3,23.34,59.65,2019
516,"Kharkiv, Ukraine",101.99,30.83,55.42,44.49,27.34,13.38,38.09,63.71,65.35,2019
517,"Kharkiv, Ukraine",100.48,27.19,53.23,43.04,24.85,16.55,36.93,57.1,63.99,2018
518,"Kiev, Ukraine",87.34,29.9,49.95,53.39,27.72,23.49,37.03,71.91,49.08,2017
519,"Kiev, Ukraine",90.57,33.79,58.56,55.25,29.77,26.48,35.7,77.7,55.51,2016
520,"Kiev, Ukraine",100.33,37.48,52.1,53.2,27.52,17.39,37.8,68.85,68.86,2018
521,"Kiev, Ukraine",104.51,39.0,52.0,53.86,30.27,14.28,39.66,67.21,69.95,2019
522,"Kiev, Ukraine",17.55,36.8,49.24,40.58,49.51,16.99,33.0,81.09,-,2014
523,"Kiev, Ukraine",12.16,33.93,45.81,36.48,53.58,17.88,36.6,74.6,-,2013
524,"Kiev, Ukraine",22.29,35.92,54.89,45.08,44.49,17.41,34.1,81.58,-,2015
525,"Kolkata, India",93.42,55.02,49.31,58.51,24.72,11.03,61.06,79.37,60.9,2019
526,"Kolkata, India",88.6,56.3,50.29,55.05,27.99,12.1,65.53,79.76,59.24,2018
527,"Kolkata, India",16.93,52.19,56.67,31.29,29.4,13.31,63.4,94.2,-,2013
528,"Kolkata, India",40.92,58.7,47.27,40.22,26.02,10.8,58.0,82.54,-,2015
529,"Kolkata, India",62.87,80.59,51.31,50.51,24.8,10.14,71.47,81.63,-19.93,2016
530,"Kolkata, India",37.48,55.61,51.48,32.84,26.18,11.16,60.88,80.16,-,2014
531,"Kolkata, India",-74.08,49.55,27.97,19.72,32.96,15.13,74.25,145.5,-,2012
532,"Kolkata, India",52.2,57.86,48.89,55.52,26.53,11.08,71.62,81.05,-22.75,2017
533,"Krakow (Cracow), Poland",90.02,63.8,64.18,61.11,44.47,12.38,32.0,67.81,-,2015
534,"Krakow (Cracow), Poland",132.39,73.59,64.02,62.73,45.79,11.58,30.18,70.53,72.38,2018
535,"Krakow (Cracow), Poland",134.79,69.33,71.16,62.38,40.43,11.75,30.69,70.43,73.86,2019
536,"Krakow (Cracow), Poland",139.68,81.0,64.34,65.72,38.51,12.28,31.7,69.72,62.25,2016
537,"Krakow (Cracow), Poland",138.73,73.94,68.92,63.19,38.58,11.13,32.29,68.86,60.63,2017
538,"Kuala Lumpur, Malaysia",43.23,96.65,26.84,60.05,42.32,9.65,46.35,74.89,-83.32,2016
539,"Kuala Lumpur, Malaysia",35.05,81.35,30.41,62.07,42.85,8.94,44.62,75.57,-94.64,2017
540,"Kuala Lumpur, Malaysia",44.4,78.15,23.44,67.22,57.24,5.54,29.0,112.92,-,2012
541,"Kuala Lumpur, Malaysia",65.61,73.61,26.05,57.24,51.94,9.23,43.67,70.48,-,2014
542,"Kuala Lumpur, Malaysia",67.19,67.28,31.09,56.21,57.6,8.81,43.29,65.74,-,2013
543,"Kuala Lumpur, Malaysia",64.89,71.8,24.66,63.03,48.21,9.53,38.92,73.76,-,2015
544,"Kuala Lumpur, Malaysia",106.67,80.73,31.77,62.4,46.28,11.14,42.14,72.97,57.04,2018
545,"Kuala Lumpur, Malaysia",110.13,76.11,32.98,65.01,41.81,11.41,40.09,69.03,56.55,2019
546,"Lagos, Nigeria",51.31,14.44,35.78,53.02,34.84,17.23,73.88,84.24,60.75,2019
547,"Lahore, Pakistan",101.52,51.44,53.1,61.81,29.53,15.63,43.26,78.94,67.52,2018
548,"Lahore, Pakistan",98.49,36.38,57.94,64.8,23.54,17.97,41.24,78.78,67.56,2019
549,"Lahore, Pakistan",87.22,47.35,48.87,59.26,32.29,13.61,40.29,80.11,27.54,2017
550,"Las Vegas, NV, United States",165.12,145.23,44.2,64.37,71.63,2.41,38.54,50.11,57.18,2017
551,"Las Vegas, NV, United States",165.66,148.81,44.83,56.95,70.97,2.25,31.2,50.57,58.8,2018
552,"Las Vegas, NV, United States",158.08,133.59,44.3,54.41,67.81,2.78,28.19,52.12,57.4,2019
553,"Leeds, United Kingdom",174.67,109.59,59.45,80.85,74.92,6.21,32.25,44.57,84.92,2018
554,"Leeds, United Kingdom",175.02,113.13,57.38,83.89,65.1,6.8,32.13,46.94,84.59,2019
555,"Leeds, United Kingdom",177.97,106.22,56.64,79.07,65.46,4.68,33.0,38.49,70.93,2017
556,"Lima, Peru",86.25,39.55,31.56,56.51,43.92,16.84,44.0,85.9,97.62,2018
557,"Lima, Peru",81.87,37.25,31.46,55.55,39.82,16.64,51.84,85.51,97.69,2019
558,"Lima, Peru",87.18,44.44,31.73,59.95,43.01,15.18,45.38,89.32,71.16,2017
559,"Lima, Peru",99.6,53.69,29.92,65.37,41.7,14.2,39.5,88.59,76.72,2016
560,"Limassol, Cyprus",159.43,80.0,68.28,49.66,58.16,8.19,17.06,53.94,95.74,2019
561,"Lisbon, Portugal",149.54,51.16,69.22,70.76,53.67,18.0,35.45,38.41,98.59,2019
562,"Lisbon, Portugal",167.53,61.33,66.94,68.03,50.47,14.74,34.27,34.26,94.26,2017
563,"Lisbon, Portugal",155.28,58.48,66.47,68.82,57.69,13.94,35.68,36.29,98.59,2018
564,"Lisbon, Portugal",102.92,63.25,58.35,66.27,78.69,8.45,35.4,51.89,-,2012
565,"Lisbon, Portugal",108.25,56.15,59.92,62.38,74.8,9.35,36.82,36.97,-,2013
566,"Lisbon, Portugal",175.44,76.2,65.18,68.56,50.87,12.09,35.85,34.41,96.14,2016
567,"Lisbon, Portugal",107.61,54.64,61.33,64.19,71.23,10.25,41.54,34.61,-,2014
568,"Lisbon, Portugal",116.23,57.74,65.27,64.08,59.53,10.37,39.41,35.16,-,2015
569,"Ljubljana, Slovenia",169.87,91.62,71.89,58.38,53.0,10.61,21.88,33.0,56.15,2016
570,"Ljubljana, Slovenia",122.43,59.39,65.41,60.96,77.54,11.88,20.8,31.84,-,2014
571,"Ljubljana, Slovenia",137.01,68.73,69.02,55.1,65.13,10.27,18.78,33.08,-,2015
572,"Ljubljana, Slovenia",168.19,74.7,75.03,65.24,65.47,12.31,27.85,26.93,76.3,2018
573,"Ljubljana, Slovenia",171.22,72.81,77.24,63.55,54.94,13.38,25.4,24.13,77.14,2019
574,"Ljubljana, Slovenia",125.62,58.52,67.06,71.76,80.76,13.71,24.67,28.17,-,2013
575,"Ljubljana, Slovenia",168.45,72.23,75.93,64.43,58.74,11.48,25.7,27.53,60.5,2017
576,"Ljubljana, Slovenia",111.73,55.29,64.29,76.11,81.91,15.56,24.67,35.0,-,2012
577,"London, United Kingdom",45.74,87.96,40.13,67.78,126.08,14.41,70.6,81.88,-,2012
578,"London, United Kingdom",124.8,92.61,52.25,67.75,88.69,22.19,48.38,59.56,88.44,2018
579,"London, United Kingdom",96.94,81.53,54.26,74.07,113.27,14.76,47.53,51.38,-,2014
580,"London, United Kingdom",97.09,82.95,53.43,74.73,105.8,16.56,44.05,51.99,-,2015
581,"London, United Kingdom",128.01,94.85,51.63,73.79,94.82,33.51,45.86,54.27,92.63,2016
582,"London, United Kingdom",83.67,79.85,49.86,69.53,110.69,15.31,50.55,55.3,-,2013
583,"London, United Kingdom",120.87,83.32,53.83,69.26,81.63,27.8,47.34,55.72,75.72,2017
584,"London, United Kingdom",125.67,92.76,48.52,67.85,81.4,20.83,47.03,59.65,88.25,2019
585,"Los Angeles, CA, United States",158.63,124.27,45.33,60.15,80.67,5.7,45.0,62.09,95.86,2017
586,"Los Angeles, CA, United States",150.65,113.47,52.87,65.87,78.2,7.72,47.16,60.35,95.5,2019
587,"Los Angeles, CA, United States",145.41,109.01,51.57,64.26,82.3,8.42,47.42,61.93,95.9,2018
588,"Los Angeles, CA, United States",128.45,109.74,34.26,68.61,82.74,5.73,61.75,47.41,-,2013
589,"Los Angeles, CA, United States",161.47,136.93,46.4,65.09,69.41,5.17,45.33,60.92,-,2015
590,"Los Angeles, CA, United States",157.81,127.13,45.76,65.37,77.78,9.02,36.73,70.79,96.14,2016
591,"Los Angeles, CA, United States",121.27,117.97,39.45,83.33,94.78,5.89,52.33,76.04,-,2012
592,"Luxembourg, Luxembourg",195.15,127.42,71.36,79.04,95.37,10.31,34.88,20.11,82.75,2018
593,"Luxembourg, Luxembourg",193.24,112.79,74.51,78.1,89.64,10.69,33.65,17.15,82.62,2019
594,"Luxembourg, Luxembourg",187.65,117.13,75.55,74.54,79.84,11.89,33.5,20.39,62.83,2017
595,"Lviv, Ukraine",92.89,24.38,59.13,54.34,24.29,25.91,44.7,55.34,43.68,2017
596,"Lviv, Ukraine",115.36,31.68,61.56,56.27,26.93,16.02,35.69,55.88,69.61,2019
597,"Lviv, Ukraine",103.65,26.88,60.08,55.61,25.31,20.18,42.24,58.14,69.61,2018
598,"Madison, WI, United States",204.36,136.4,72.41,79.58,63.48,3.3,23.88,20.78,51.64,2019
599,"Madrid, Spain",95.29,68.46,63.88,75.19,82.2,13.13,34.88,63.54,-,2014
600,"Madrid, Spain",156.69,96.36,58.62,79.24,67.63,9.64,36.74,54.78,85.3,2018
601,"Madrid, Spain",167.74,101.77,68.28,76.17,60.79,11.16,34.64,61.39,87.98,2016
602,"Madrid, Spain",164.94,85.18,68.54,78.3,60.49,11.27,38.09,54.94,88.62,2017
603,"Madrid, Spain",108.58,93.39,78.35,62.92,90.54,11.06,26.25,86.67,-,2012
604,"Madrid, Spain",119.61,84.94,60.66,73.51,84.97,12.34,29.17,56.32,-,2013
605,"Madrid, Spain",111.9,74.02,64.4,73.29,69.1,11.43,32.08,59.35,-,2015
606,"Madrid, Spain",150.74,79.59,64.85,78.58,60.48,12.26,35.24,56.28,85.47,2019
607,"Manama, Bahrain",145.76,70.89,74.51,64.37,55.95,8.25,29.71,57.5,64.31,2019
608,"Manchester, United Kingdom",150.33,98.91,44.11,77.42,77.15,7.12,40.93,54.07,87.28,2018
609,"Manchester, United Kingdom",157.22,99.03,47.59,73.23,84.8,7.64,38.82,43.56,75.16,2016
610,"Manchester, United Kingdom",154.38,97.0,46.84,76.71,69.06,5.97,41.89,52.26,74.07,2017
611,"Manchester, United Kingdom",114.21,63.49,47.75,86.11,104.72,6.23,45.25,37.11,-,2014
612,"Manchester, United Kingdom",108.13,71.54,49.87,70.44,91.85,9.49,42.67,42.34,-,2015
613,"Manchester, United Kingdom",147.53,96.52,44.19,77.7,67.68,9.09,40.57,55.62,86.95,2019
614,"Mangalore, India",169.52,106.45,82.49,78.77,21.92,5.15,30.86,18.45,-17.12,2017
615,"Mangalore, India",167.93,69.57,74.58,78.31,23.25,14.16,32.2,27.21,66.65,2019
616,"Mangalore, India",187.68,94.53,75.32,78.05,25.46,5.58,33.61,24.9,67.56,2018
617,"Manila, Philippines",-20.57,26.65,33.64,80.56,47.94,28.16,54.0,84.83,-,2013
618,"Manila, Philippines",31.41,47.8,39.08,68.31,40.43,12.19,57.59,92.51,-47.67,2017
619,"Manila, Philippines",67.42,38.84,40.57,60.47,38.92,19.72,56.44,91.75,61.23,2019
620,"Manila, Philippines",74.58,43.04,40.83,66.84,42.4,16.88,56.1,91.03,60.2,2018
621,"Manila, Philippines",41.1,46.51,50.79,63.86,41.46,15.79,60.64,96.08,-19.97,2016
622,"Manila, Philippines",4.42,37.63,32.27,61.92,46.03,11.26,53.82,94.75,-,2015
623,"Medellin, Colombia",133.9,37.96,49.27,73.6,33.91,15.9,35.0,64.79,96.03,2017
624,"Medellin, Colombia",113.74,29.33,54.61,76.98,35.87,20.35,42.11,66.53,99.76,2018
625,"Medellin, Colombia",122.75,35.97,53.92,76.71,30.53,16.83,38.16,65.36,99.76,2019
626,"Melbourne, Australia",146.96,102.31,51.25,76.67,128.05,10.0,39.53,31.74,-,2013
627,"Melbourne, Australia",185.84,127.15,57.64,74.94,85.15,9.03,38.41,27.79,94.38,2018
628,"Melbourne, Australia",171.77,107.25,59.17,76.31,108.72,8.3,40.81,24.25,-,2014
629,"Melbourne, Australia",182.96,113.38,60.12,75.14,97.03,8.45,36.84,23.34,-,2015
630,"Melbourne, Australia",107.12,97.41,45.98,72.22,125.54,10.49,31.56,64.03,-,2012
631,"Melbourne, Australia",210.71,153.2,64.18,77.58,75.35,8.52,35.7,25.23,89.15,2016
632,"Melbourne, Australia",183.33,120.94,55.67,75.18,72.11,9.14,39.22,27.63,94.3,2019
633,"Melbourne, Australia",193.71,127.42,58.98,75.15,80.31,7.61,35.9,29.63,89.15,2017
634,"Mexico City, Mexico",109.42,64.78,33.96,64.58,39.16,10.84,47.09,84.42,78.39,2016
635,"Mexico City, Mexico",102.97,58.17,33.9,66.86,33.59,10.03,54.11,88.02,77.0,2017
636,"Mexico City, Mexico",-15.08,48.64,20.94,68.47,58.57,11.85,30.5,128.0,-,2012
637,"Mexico City, Mexico",49.48,59.15,34.29,65.2,47.09,8.06,48.0,83.44,-,2015
638,"Mexico City, Mexico",100.72,64.03,33.43,65.07,37.54,11.04,51.7,86.67,92.37,2018
639,"Mexico City, Mexico",92.82,49.76,31.83,64.25,35.3,15.6,50.68,82.53,92.37,2019
640,"Mexico City, Mexico",53.89,60.1,34.72,64.58,53.39,7.52,50.56,78.55,-,2014
641,"Mexico City, Mexico",23.73,47.33,22.14,61.76,57.67,11.05,56.0,74.45,-,2013
642,"Miami, FL, United States",131.58,105.63,40.29,61.11,84.24,4.31,59.2,44.76,-,2015
643,"Miami, FL, United States",130.87,90.43,46.11,55.66,86.22,6.64,42.07,40.06,41.99,2017
644,"Miami, FL, United States",151.75,86.92,47.09,64.04,80.45,5.91,43.02,37.91,85.69,2019
645,"Miami, FL, United States",153.69,97.81,45.81,64.08,86.01,5.76,43.68,39.5,85.67,2018
646,"Miami, FL, United States",149.87,132.1,39.3,60.19,79.98,5.95,45.5,39.13,48.19,2016
647,"Milan, Italy",62.4,77.18,43.8,71.36,104.1,15.25,36.0,79.0,-,2013
648,"Milan, Italy",56.18,73.0,47.76,67.54,100.43,17.48,44.0,74.36,-,2014
649,"Milan, Italy",128.81,76.86,52.81,70.96,76.81,17.87,37.62,63.64,75.5,2017
650,"Milan, Italy",13.59,71.07,46.82,68.9,104.3,16.28,37.25,120.0,-,2012
651,"Milan, Italy",61.89,73.98,47.95,68.58,83.73,18.7,39.36,73.52,-,2015
652,"Milan, Italy",138.06,93.29,50.18,74.92,73.85,16.96,39.22,63.08,78.15,2016
653,"Milan, Italy",126.1,71.94,55.03,72.79,85.1,17.86,39.58,63.85,88.26,2018
654,"Milan, Italy",127.59,68.87,55.58,71.06,72.64,17.28,37.39,63.46,88.12,2019
655,"Milwaukee, WI, United States",158.89,102.27,34.71,66.46,70.22,2.95,30.2,31.8,60.96,2019
656,"Minneapolis, MN, United States",190.5,142.26,57.28,75.66,81.06,3.11,23.75,25.22,45.41,2016
657,"Minneapolis, MN, United States",186.38,131.08,50.88,81.01,81.46,2.92,33.0,20.22,51.46,2018
658,"Minneapolis, MN, United States",181.51,125.9,51.28,80.03,75.33,3.11,33.38,23.49,49.46,2019
659,"Minneapolis, MN, United States",177.63,119.76,53.18,79.56,82.92,3.23,34.31,19.37,42.41,2017
660,"Minsk, Belarus",141.32,43.77,74.12,59.34,35.3,15.05,29.24,37.84,64.33,2018
661,"Minsk, Belarus",119.58,36.44,78.65,58.88,34.73,18.8,27.96,42.27,20.07,2017
662,"Minsk, Belarus",143.39,45.98,77.01,60.11,33.4,14.1,28.62,40.88,64.37,2019
663,"Minsk, Belarus",123.28,40.11,75.25,60.04,40.51,22.13,31.08,39.67,35.63,2016
664,"Minsk, Belarus",76.24,36.39,71.45,50.4,51.71,16.08,30.2,46.33,-,2015
665,"Mississauga, Canada",178.41,121.14,56.41,68.16,65.05,8.23,30.81,22.41,58.72,2019
666,"Monterrey, Mexico",149.52,91.05,49.33,58.82,32.93,4.21,27.2,65.43,65.86,2017
667,"Monterrey, Mexico",130.02,65.93,48.63,63.13,34.98,6.86,31.3,70.05,80.37,2019
668,"Monterrey, Mexico",185.71,167.35,48.61,56.62,39.08,2.82,27.46,55.12,65.86,2016
669,"Monterrey, Mexico",138.78,84.22,49.44,58.56,38.45,5.83,31.48,66.64,80.37,2018
670,"Montevideo, Uruguay",128.79,53.54,44.88,64.95,56.67,12.88,40.0,52.76,98.04,2019
671,"Montevideo, Uruguay",108.47,35.71,44.11,61.44,67.18,18.18,43.32,57.76,97.87,2018
672,"Montevideo, Uruguay",124.82,52.04,42.35,65.45,57.04,13.92,52.29,56.71,91.86,2016
673,"Montevideo, Uruguay",108.87,32.43,44.27,67.24,70.16,20.02,51.78,56.6,89.08,2017
674,"Montreal, Canada",163.44,103.16,64.99,61.93,71.16,6.49,40.91,32.3,55.23,2017
675,"Montreal, Canada",153.89,100.23,62.08,69.19,83.27,4.86,48.13,42.06,-,2014
676,"Montreal, Canada",159.85,100.25,63.45,66.07,81.15,5.52,44.19,36.66,-,2015
677,"Montreal, Canada",164.99,114.23,70.88,70.5,99.58,3.95,32.17,58.75,-,2012
678,"Montreal, Canada",169.64,130.67,61.95,60.58,61.69,6.52,43.82,35.84,53.65,2016
679,"Montreal, Canada",175.65,120.17,68.37,66.77,88.24,4.39,44.09,45.71,-,2013
680,"Montreal, Canada",164.39,107.95,68.15,62.49,62.47,7.16,41.17,32.0,52.37,2019
681,"Montreal, Canada",167.59,120.29,66.6,62.42,69.18,6.44,39.29,34.43,51.5,2018
682,"Moscow, Russia",88.02,57.38,54.68,57.34,47.81,20.81,54.36,62.88,28.54,2017
683,"Moscow, Russia",84.62,64.53,53.58,55.77,44.33,23.44,56.52,63.54,25.27,2016
684,"Moscow, Russia",98.58,59.58,54.02,57.42,51.82,19.89,54.08,62.25,55.16,2018
685,"Moscow, Russia",-54.72,46.75,47.33,37.75,86.77,28.06,61.5,116.61,-,2012
686,"Moscow, Russia",4.3,47.71,45.85,48.76,75.65,22.01,52.89,81.58,-,2015
687,"Moscow, Russia",-4.04,51.11,46.81,42.3,81.58,21.5,62.56,85.82,-,2013
688,"Moscow, Russia",-1.12,47.11,46.46,47.46,73.94,21.08,58.0,85.86,-,2014
689,"Moscow, Russia",105.39,61.74,58.49,57.79,41.46,18.41,53.68,61.32,55.83,2019
690,"Mumbai, India",8.41,56.67,65.46,60.28,38.0,14.13,63.25,125.0,-,2012
691,"Mumbai, India",50.07,71.97,52.19,63.35,30.2,32.9,63.07,87.55,-2.61,2017
692,"Mumbai, India",88.75,73.49,55.48,64.7,32.59,28.17,58.44,86.16,71.48,2018
693,"Mumbai, India",-11.54,53.84,50.94,60.92,30.74,32.54,70.2,92.72,-,2015
694,"Mumbai, India",-5.06,47.84,58.12,63.86,31.34,28.53,74.8,92.7,-,2014
695,"Mumbai, India",54.62,83.25,49.01,61.51,28.93,35.25,68.84,89.62,14.84,2016
696,"Mumbai, India",19.28,52.46,65.37,58.41,35.48,18.84,70.43,96.43,-,2013
697,"Mumbai, India",74.73,54.4,57.24,67.85,29.03,39.27,57.25,83.72,71.48,2019
698,"Munich, Germany",188.48,110.33,83.02,80.66,73.37,16.11,33.16,22.08,75.98,2019
699,"Munich, Germany",194.65,118.19,82.55,83.85,84.78,14.97,33.24,18.71,75.31,2018
700,"Munich, Germany",196.87,99.64,85.36,90.59,84.16,13.09,24.5,21.82,-,2015
701,"Munich, Germany",210.24,109.71,84.66,88.43,100.18,9.9,22.5,21.09,-,2013
702,"Munich, Germany",191.86,123.5,84.28,82.73,71.82,12.32,33.58,17.42,44.62,2017
703,"Munich, Germany",210.86,153.48,84.26,83.58,71.16,10.83,25.67,17.84,47.38,2016
704,"Muscat, Oman",175.31,103.55,72.07,60.3,51.2,4.55,20.16,43.39,67.22,2018
705,"Muscat, Oman",168.09,88.69,75.47,58.96,48.92,10.54,18.61,39.54,67.22,2019
706,"Muscat, Oman",153.18,119.41,74.84,58.12,54.38,3.54,15.2,49.43,-0.57,2017
707,"Nairobi, Kenya",13.38,30.63,32.54,62.7,54.34,12.42,65.2,69.69,-,2015
708,"Nairobi, Kenya",50.1,28.64,36.11,58.68,42.4,59.4,62.6,74.23,91.57,2017
709,"Nairobi, Kenya",72.26,27.67,42.53,57.52,42.05,32.32,56.73,77.17,99.79,2019
710,"Nairobi, Kenya",20.29,27.87,40.06,59.6,42.06,83.32,56.09,78.62,99.79,2018
711,"Nashville, TN, United States",177.5,134.42,52.04,62.05,67.5,3.09,35.71,40.64,83.02,2019
712,"New York, NY, United States",121.61,100.0,49.11,57.34,100.0,21.6,43.43,61.38,76.72,2016
713,"New York, NY, United States",117.39,100.0,52.85,46.25,100.0,8.93,39.38,52.82,-,2015
714,"New York, NY, United States",115.47,100.0,59.03,63.89,100.0,10.81,31.57,68.33,-,2012
715,"New York, NY, United States",125.73,100.0,54.21,54.82,100.0,7.85,39.38,51.95,-,2014
716,"New York, NY, United States",138.44,100.0,55.32,63.51,100.0,12.34,44.39,55.7,81.13,2018
717,"New York, NY, United States",125.82,100.0,52.67,51.39,100.0,8.43,31.57,51.72,-,2013
718,"New York, NY, United States",135.86,100.0,52.38,65.06,100.0,12.95,48.22,59.35,80.53,2017
719,"New York, NY, United States",138.86,100.0,55.78,63.49,100.0,11.66,42.53,57.08,79.66,2019
720,"Nicosia, Cyprus",142.27,60.65,70.67,49.65,64.65,7.98,21.94,60.66,86.01,2019
721,"Nizhny Novgorod, Russia",151.74,39.18,75.71,83.88,38.57,11.86,26.32,32.45,45.51,2019
722,"Novi Sad, Serbia",133.07,45.24,57.7,46.74,34.76,16.41,18.16,47.41,84.02,2019
723,"Novi Sad, Serbia",138.68,48.41,55.88,51.86,38.9,15.52,19.44,42.03,83.34,2018
724,"Novi Sad, Serbia",141.85,39.33,54.98,47.35,34.27,17.04,18.45,41.65,81.15,2017
725,"Novi Sad, Serbia",154.46,56.05,50.06,49.54,33.24,13.08,18.67,38.74,84.16,2016
726,"Novosibirsk, Russia",90.0,46.05,55.05,59.15,32.1,10.84,45.57,72.23,16.14,2019
727,"Oakland, CA, United States",182.68,134.28,35.89,80.4,84.24,6.14,32.36,33.78,96.4,2019
728,"Odessa, Ukraine",102.76,31.42,47.43,53.89,29.25,15.58,36.81,66.75,79.0,2019
729,"Orlando, FL, United States",172.42,115.68,44.49,65.3,69.38,2.96,37.08,34.29,87.23,2019
730,"Orlando, FL, United States",173.79,129.02,43.3,61.8,76.63,2.63,38.03,36.54,88.44,2018
731,"Orlando, FL, United States",156.34,107.49,45.03,64.22,79.53,2.8,39.7,37.75,57.71,2017
732,"Oslo, Norway",149.0,94.63,58.35,73.44,141.22,8.4,32.0,30.08,-,2014
733,"Oslo, Norway",166.49,100.91,61.61,73.43,101.9,10.91,33.48,24.32,59.99,2019
734,"Oslo, Norway",141.77,101.49,51.2,70.29,106.93,10.33,40.44,24.71,31.76,2017
735,"Oslo, Norway",153.8,95.51,64.47,88.19,161.84,8.45,40.33,29.73,-,2013
736,"Oslo, Norway",162.29,99.05,60.09,73.29,115.38,8.59,30.33,28.04,-,2015
737,"Oslo, Norway",159.41,102.94,55.99,72.77,117.23,12.23,37.41,24.32,59.99,2018
738,"Oslo, Norway",162.79,126.32,61.97,70.02,95.98,9.43,38.83,25.11,36.09,2016
739,"Ottawa, Canada",194.97,130.21,75.58,74.58,65.19,4.82,32.53,17.93,44.46,2019
740,"Ottawa, Canada",189.96,147.3,77.31,72.25,63.75,5.85,42.19,20.13,33.2,2016
741,"Ottawa, Canada",201.27,145.32,76.05,72.85,69.91,5.02,35.48,13.65,44.46,2018
742,"Ottawa, Canada",218.77,131.88,76.09,68.64,86.15,4.9,40.0,22.46,-,2014
743,"Ottawa, Canada",183.54,126.26,77.73,69.01,68.46,5.99,37.83,15.76,31.35,2017
744,"Ottawa, Canada",223.88,131.02,75.17,67.65,79.87,5.69,33.86,18.07,-,2015
745,"Panama City, Panama",104.5,38.24,51.65,57.56,57.23,13.19,37.5,67.94,69.92,2018
746,"Panama City, Panama",112.69,41.08,54.3,59.51,54.57,11.73,35.97,63.2,67.84,2019
747,"Panama City, Panama",74.56,35.14,53.93,57.91,64.23,12.42,35.06,65.58,-6.22,2017
748,"Paris, France",125.09,89.27,47.98,74.82,84.27,19.12,42.64,67.71,88.39,2019
749,"Paris, France",141.15,112.52,45.93,74.8,81.61,17.99,37.0,64.75,78.46,2016
750,"Paris, France",88.14,89.21,45.1,80.74,99.61,17.23,39.45,66.15,-,2015
751,"Paris, France",97.86,85.53,46.25,83.33,119.01,15.66,31.57,58.11,-,2013
752,"Paris, France",94.51,88.48,47.39,83.33,120.68,15.87,35.67,62.47,-,2014
753,"Paris, France",72.12,80.08,52.39,72.92,119.69,17.1,32.8,74.17,-,2012
754,"Paris, France",128.54,97.62,47.05,73.09,92.87,17.68,42.91,66.5,88.44,2018
755,"Paris, France",127.47,95.4,47.25,72.71,83.2,16.82,41.62,68.46,73.0,2017
756,"Perth, Australia",168.51,102.81,56.52,74.95,119.89,7.47,38.45,21.02,-,2014
757,"Perth, Australia",186.43,113.65,54.9,71.49,85.73,6.47,36.65,27.84,90.86,2017
758,"Perth, Australia",190.71,133.23,52.49,69.98,85.08,8.57,33.68,30.17,91.45,2016
759,"Perth, Australia",163.85,112.02,49.99,80.56,138.97,8.38,43.5,24.64,-,2013
760,"Perth, Australia",194.31,130.69,56.33,77.13,73.61,6.35,37.18,24.86,95.71,2019
761,"Perth, Australia",196.0,118.34,48.75,87.04,142.18,5.24,27.0,15.0,-,2012
762,"Perth, Australia",190.0,130.38,56.07,75.76,86.24,6.24,38.97,26.87,95.29,2018
763,"Perth, Australia",166.85,105.18,55.76,67.84,108.99,7.19,36.64,24.57,-,2015
764,"Philadelphia, PA, United States",156.51,118.48,41.91,72.54,80.19,3.31,41.92,51.82,77.98,2019
765,"Philadelphia, PA, United States",137.34,109.99,33.92,58.89,88.57,2.94,35.0,51.44,-,2015
766,"Philadelphia, PA, United States",161.05,129.65,40.91,69.9,86.35,2.58,41.71,50.88,70.79,2017
767,"Philadelphia, PA, United States",136.6,125.62,31.42,54.17,93.24,2.37,35.0,63.79,-,2013
768,"Philadelphia, PA, United States",154.23,116.06,41.47,72.05,83.46,3.15,47.04,49.61,78.99,2018
769,"Philadelphia, PA, United States",155.8,108.23,35.67,66.82,83.57,4.89,28.29,51.6,76.18,2016
770,"Phoenix, AZ, United States",155.2,139.29,43.27,69.25,66.87,2.83,30.16,63.96,52.13,2018
771,"Phoenix, AZ, United States",159.55,143.14,46.51,66.79,65.88,2.8,30.51,61.42,53.76,2019
772,"Phoenix, AZ, United States",152.84,124.89,44.68,64.24,72.3,2.97,28.33,68.12,-,2015
773,"Phoenix, AZ, United States",162.2,146.53,43.14,73.11,69.08,2.58,29.17,62.23,50.48,2017
774,"Phoenix, AZ, United States",176.28,199.38,40.95,66.55,70.84,2.11,30.0,67.83,51.85,2016
775,"Pittsburgh, PA, United States",171.14,109.13,63.99,74.87,74.79,2.21,39.5,43.59,72.13,2019
776,"Portland, OR, United States",187.61,123.51,54.77,70.31,74.93,4.93,33.22,27.19,89.56,2019
777,"Portland, OR, United States",181.45,121.98,52.5,55.94,80.04,4.65,30.53,21.56,68.67,2016
778,"Portland, OR, United States",186.75,117.83,55.92,70.7,80.6,5.19,29.71,22.48,69.06,2017
779,"Portland, OR, United States",188.07,125.57,55.59,66.35,78.45,5.06,31.42,26.6,89.56,2018
780,"Porto Alegre, Brazil",111.77,40.95,21.96,61.13,42.38,13.34,32.54,58.64,98.68,2019
781,"Porto Alegre, Brazil",105.72,47.52,23.0,56.18,52.79,13.57,43.95,59.55,77.08,2017
782,"Porto Alegre, Brazil",109.11,46.35,22.93,57.58,53.88,12.58,40.86,57.56,98.54,2018
783,"Porto Alegre, Brazil",14.33,40.96,24.89,46.11,54.85,17.21,44.88,65.52,-,2015
784,"Porto Alegre, Brazil",109.01,59.04,24.01,51.74,41.61,13.94,40.18,65.19,77.02,2016
785,"Porto, Portugal",155.43,53.2,58.54,73.75,50.98,12.81,28.69,36.85,96.61,2019
786,"Porto, Portugal",123.2,57.14,60.29,69.17,66.68,7.64,22.29,39.0,-,2014
787,"Porto, Portugal",104.21,52.79,65.23,78.33,73.81,6.8,25.33,60.62,-,2012
788,"Porto, Portugal",167.69,66.31,56.14,75.33,48.72,9.27,31.85,40.52,89.84,2017
789,"Porto, Portugal",116.84,56.03,62.49,61.51,68.82,7.12,24.0,41.81,-,2013
790,"Porto, Portugal",118.5,59.65,53.4,68.98,55.87,7.28,22.29,43.82,-,2015
791,"Porto, Portugal",171.18,80.28,52.44,72.89,49.33,7.7,31.0,42.54,90.24,2016
792,"Porto, Portugal",157.47,63.31,56.93,73.9,54.92,10.94,31.5,38.99,96.87,2018
793,"Poznan, Poland",111.48,56.73,74.22,51.67,45.49,10.77,41.25,40.48,-,2015
794,"Poznan, Poland",149.89,65.78,73.45,63.94,39.58,10.46,31.0,51.92,77.41,2019
795,"Prague, Czech Republic",160.31,77.13,72.45,73.62,53.84,16.19,33.97,36.8,80.62,2018
796,"Prague, Czech Republic",125.25,64.1,67.37,70.71,58.48,12.87,34.33,35.13,-,2014
797,"Prague, Czech Republic",159.16,73.39,74.05,73.1,48.4,17.69,33.46,36.13,80.67,2019
798,"Prague, Czech Republic",85.7,59.77,59.7,63.24,68.66,14.11,29.0,59.0,-,2012
799,"Prague, Czech Republic",160.99,76.62,70.23,70.89,43.63,14.25,37.06,37.62,66.91,2017
800,"Prague, Czech Republic",132.25,69.95,67.07,69.24,49.73,11.64,32.5,38.15,-,2015
801,"Prague, Czech Republic",116.55,63.49,65.46,64.15,64.36,12.84,31.75,38.68,-,2013
802,"Prague, Czech Republic",163.95,90.61,68.95,71.67,43.1,12.78,37.53,42.09,65.56,2016
803,"Pretoria, South Africa",132.37,78.18,19.61,67.42,46.98,2.71,41.96,58.84,95.83,2019
804,"Pretoria, South Africa",143.0,129.58,22.98,74.12,46.73,2.13,42.57,70.99,-,2015
805,"Pretoria, South Africa",132.61,108.14,21.48,65.83,53.19,2.15,51.45,69.66,95.76,2018
806,"Pretoria, South Africa",168.42,172.73,19.23,62.86,34.89,1.83,48.45,75.27,95.57,2016
807,"Pune, India",136.91,103.45,54.23,65.69,27.2,8.36,50.02,77.41,65.11,2017
808,"Pune, India",127.65,74.97,62.09,68.18,27.4,11.37,43.05,74.69,74.32,2019
809,"Pune, India",69.2,60.16,60.47,68.06,33.43,12.16,65.33,71.67,-,2012
810,"Pune, India",71.52,68.5,58.63,66.62,32.03,11.79,65.33,76.61,-,2013
811,"Pune, India",135.89,109.11,53.36,68.89,26.55,10.18,49.45,81.5,65.11,2016
812,"Pune, India",79.09,77.54,51.43,67.01,28.32,10.37,64.0,77.12,-,2014
813,"Pune, India",132.8,99.44,58.22,66.11,29.66,8.51,44.73,80.19,74.32,2018
814,"Pune, India",73.23,74.56,52.01,68.78,28.11,11.25,60.86,81.16,-,2015
815,"Quebec City, Canada",190.79,131.85,85.28,67.14,64.5,3.56,30.52,33.25,47.98,2019
816,"Quito, Ecuador",122.49,43.73,46.72,69.51,46.52,11.56,39.96,64.44,98.97,2019
817,"Raleigh, NC, United States",217.92,146.98,71.38,76.16,72.69,2.6,30.67,20.0,77.57,2017
818,"Raleigh, NC, United States",216.05,160.35,69.43,74.93,70.06,2.58,33.51,21.59,83.88,2019
819,"Raleigh, NC, United States",208.38,131.99,71.88,78.23,71.4,2.95,31.54,20.5,83.66,2018
820,"Recife, Brazil",45.77,66.59,19.07,75.26,52.35,9.24,57.85,79.89,-,2015
821,"Regina, Canada",145.49,115.17,46.62,64.32,72.1,4.75,28.85,36.49,16.6,2017
822,"Regina, Canada",153.25,101.74,58.29,56.63,85.02,5.91,38.67,37.37,-,2015
823,"Regina, Canada",150.64,107.97,44.18,67.16,65.69,4.66,18.15,38.94,14.28,2019
824,"Regina, Canada",163.19,148.44,54.53,63.29,67.17,3.74,30.56,35.85,15.16,2016
825,"Regina, Canada",146.42,109.12,45.33,68.39,72.85,4.53,25.89,41.43,15.4,2018
826,"Reykjavik, Iceland",170.92,77.42,75.92,66.79,111.59,6.37,20.62,11.96,44.53,2017
827,"Reykjavik, Iceland",186.59,97.14,74.6,76.26,96.99,5.69,19.0,15.48,49.69,2016
828,"Reykjavik, Iceland",190.37,93.11,79.29,67.66,102.2,6.45,20.04,14.73,68.81,2019
829,"Reykjavik, Iceland",184.06,88.95,78.22,66.28,123.78,6.95,23.52,13.86,69.55,2018
830,"Riga, Latvia",143.82,55.47,62.62,58.3,50.37,9.84,32.69,40.01,74.7,2019
831,"Riga, Latvia",139.49,52.01,62.68,58.1,49.2,10.47,28.95,33.94,43.04,2017
832,"Riga, Latvia",140.25,53.77,62.04,55.3,54.87,10.86,35.22,37.95,74.57,2018
833,"Riga, Latvia",90.86,43.09,61.49,67.13,57.74,13.43,24.0,46.49,-,2015
834,"Rio de Janeiro, Brazil",60.66,43.26,22.13,37.08,58.11,19.6,56.92,70.41,48.16,2017
835,"Rio de Janeiro, Brazil",7.51,44.99,28.03,47.09,68.53,18.26,45.0,74.32,-,2014
836,"Rio de Janeiro, Brazil",3.71,43.93,32.92,77.08,90.66,21.71,24.67,94.58,-,2012
837,"Rio de Janeiro, Brazil",55.88,44.57,22.81,39.01,45.0,24.77,57.35,79.1,52.45,2016
838,"Rio de Janeiro, Brazil",-22.78,37.0,27.36,32.65,61.09,21.87,56.05,77.64,-,2015
839,"Rio de Janeiro, Brazil",72.14,39.15,23.02,42.0,57.14,21.31,54.62,69.93,87.38,2018
840,"Rio de Janeiro, Brazil",3.97,39.81,32.07,61.67,85.74,21.25,42.0,75.07,-,2013
841,"Rio de Janeiro, Brazil",70.38,35.61,22.02,42.72,46.49,23.58,52.55,70.29,88.22,2019
842,"Riyadh, Saudi Arabia",181.36,184.09,80.33,76.1,50.05,2.28,41.75,68.37,31.75,2016
843,"Riyadh, Saudi Arabia",166.53,148.29,79.19,70.1,47.79,2.38,40.27,71.06,38.04,2017
844,"Riyadh, Saudi Arabia",152.06,129.2,66.65,66.93,48.21,2.73,37.78,72.22,44.65,2018
845,"Riyadh, Saudi Arabia",189.74,132.8,67.91,75.53,52.22,2.55,22.6,69.92,-,2015
846,"Riyadh, Saudi Arabia",150.49,113.49,70.52,64.25,49.42,3.18,30.13,71.23,44.45,2019
847,"Rome, Italy",25.05,58.99,40.63,62.46,95.51,24.11,44.62,71.01,-,2014
848,"Rome, Italy",27.65,58.09,44.02,57.34,83.75,24.2,45.1,69.44,-,2015
849,"Rome, Italy",110.01,64.52,46.99,59.63,69.84,19.8,46.29,66.67,93.7,2019
850,"Rome, Italy",119.69,89.49,44.13,55.25,70.02,20.21,46.43,72.77,91.35,2016
851,"Rome, Italy",109.84,72.78,45.66,59.5,78.8,20.48,46.88,67.5,92.71,2018
852,"Rome, Italy",20.41,59.44,37.66,61.64,98.69,25.89,47.5,67.83,-,2013
853,"Rome, Italy",113.99,72.41,44.53,58.35,74.06,23.04,46.7,66.63,90.08,2017
854,"Rome, Italy",-21.48,56.24,33.87,61.39,103.78,28.38,36.67,102.96,-,2012
855,"Rotterdam, Netherlands",177.83,102.03,63.64,81.44,82.64,6.16,30.07,40.89,88.02,2018
856,"Rotterdam, Netherlands",178.32,104.49,63.89,81.3,70.59,6.69,30.35,42.48,87.89,2019
857,"Rotterdam, Netherlands",166.8,100.43,59.08,77.61,71.92,5.83,31.83,40.74,58.68,2017
858,"Sacramento, CA, United States",183.61,131.2,51.41,70.71,77.76,3.71,26.58,42.46,90.64,2019
859,"Sacramento, CA, United States",188.98,122.17,53.37,71.34,80.25,3.82,22.68,43.39,90.06,2017
860,"Sacramento, CA, United States",209.02,145.3,49.75,74.34,88.21,2.57,22.5,41.72,-,2015
861,"Sacramento, CA, United States",187.76,135.14,52.19,73.97,78.75,3.64,24.76,42.44,90.64,2018
862,"Sacramento, CA, United States",199.92,136.38,57.09,73.84,78.4,3.83,20.0,42.34,90.06,2016
863,"Saint Louis, MO, United States",180.96,137.4,32.84,79.39,66.77,2.38,27.5,36.42,74.75,2019
864,"Saint Louis, MO, United States",192.25,134.89,27.79,83.33,80.35,2.39,25.25,36.67,-,2015
865,"Saint Petersburg, Russia",92.34,50.13,57.72,61.32,44.4,14.66,52.14,62.39,20.22,2017
866,"Saint Petersburg, Russia",36.58,46.38,55.97,58.28,61.11,16.45,55.0,73.3,-,2015
867,"Saint Petersburg, Russia",111.59,52.08,60.11,58.67,37.22,14.17,48.54,61.22,60.64,2019
868,"Saint Petersburg, Russia",112.0,56.75,59.15,61.56,46.41,13.44,49.59,64.37,62.68,2018
869,"Saint Petersburg, Russia",10.08,44.29,46.67,53.33,60.85,16.47,62.5,84.52,-,2014
870,"Saint Petersburg, Russia",89.94,57.57,55.21,59.84,42.26,15.38,51.95,70.0,23.7,2016
871,"Salt Lake City, UT, United States",178.86,148.6,73.79,69.55,66.76,3.52,36.07,59.03,66.87,2018
872,"Salt Lake City, UT, United States",179.53,144.68,74.8,70.19,63.38,3.63,34.72,58.0,66.52,2019
873,"Salt Lake City, UT, United States",197.33,137.61,69.71,68.89,69.71,2.94,37.83,53.28,-,2015
874,"Salt Lake City, UT, United States",188.12,152.54,74.31,69.07,68.46,3.04,38.0,54.27,68.47,2017
875,"San Antonio, TX, United States",194.82,154.92,52.67,73.58,60.92,1.92,29.7,41.42,82.67,2018
876,"San Antonio, TX, United States",186.37,135.39,53.89,69.24,61.87,2.24,29.19,39.4,80.58,2019
877,"San Diego, CA, United States",192.68,136.48,63.82,71.77,72.67,6.01,36.81,34.82,97.08,2019
878,"San Diego, CA, United States",191.56,129.6,56.74,69.7,77.33,2.93,48.0,35.12,-,2015
879,"San Diego, CA, United States",180.53,130.69,60.45,67.22,82.83,4.72,60.0,38.1,-,2013
880,"San Diego, CA, United States",191.94,123.22,62.22,73.26,76.17,6.92,34.82,40.07,97.01,2016
881,"San Diego, CA, United States",187.14,141.65,52.75,65.28,77.48,2.75,56.25,42.59,-,2014
882,"San Diego, CA, United States",197.12,142.72,66.05,73.71,77.01,5.22,39.09,33.53,96.99,2018
883,"San Diego, CA, United States",194.78,128.92,63.44,74.68,77.93,5.83,43.09,34.57,95.27,2017
884,"San Francisco, CA, United States",175.88,134.05,51.03,71.19,91.67,9.26,44.56,35.15,97.26,2019
885,"San Francisco, CA, United States",157.71,103.91,56.51,74.21,93.66,7.43,40.5,36.85,-,2014
886,"San Francisco, CA, United States",155.41,92.96,50.84,72.63,97.84,12.3,43.21,37.42,97.16,2018
887,"San Francisco, CA, United States",177.23,115.45,67.75,75.46,95.44,7.18,45.6,35.52,-,2013
888,"San Francisco, CA, United States",163.49,96.76,49.7,68.6,99.14,12.11,39.78,36.29,97.02,2017
889,"San Francisco, CA, United States",147.17,125.81,64.06,57.41,106.82,6.34,52.67,60.0,-,2012
890,"San Francisco, CA, United States",161.3,116.72,56.51,68.29,97.0,8.28,37.29,42.35,-,2015
891,"San Francisco, CA, United States",164.41,105.83,52.1,72.6,103.36,13.7,35.12,44.21,96.78,2016
892,"San Jose, CA, United States",174.79,134.82,53.39,70.41,82.87,6.74,33.12,51.12,95.02,2018
893,"San Jose, CA, United States",151.82,130.33,45.47,38.89,87.36,4.77,17.33,61.38,-,2013
894,"San Jose, CA, United States",182.82,152.9,49.03,63.48,82.75,5.79,33.43,55.85,96.06,2017
895,"San Jose, CA, United States",192.57,172.52,58.04,68.83,76.36,6.1,34.42,50.85,95.53,2019
896,"San Jose, Costa Rica",115.1,46.97,43.44,63.15,54.5,8.16,67.34,54.81,99.48,2019
897,"San Juan, Puerto Rico",141.26,101.61,30.44,60.33,66.46,3.78,38.42,49.28,71.25,2019
898,"Santiago, Chile",55.44,53.11,53.19,61.39,55.0,10.21,46.0,78.83,-,2015
899,"Santiago, Chile",135.25,68.85,53.14,62.31,46.09,9.47,35.0,78.1,88.93,2016
900,"Santiago, Chile",5.54,44.88,46.35,63.89,72.81,12.47,50.6,106.25,-,2012
901,"Santiago, Chile",57.4,53.96,57.67,66.11,66.52,9.99,50.6,79.29,-,2013
902,"Santiago, Chile",116.18,52.15,49.54,66.8,50.62,14.45,38.53,71.19,90.21,2019
903,"Santiago, Chile",123.96,56.32,47.45,62.8,53.6,11.25,36.65,77.72,89.39,2017
904,"Santiago, Chile",112.37,50.65,50.34,63.94,56.85,15.01,36.38,74.73,90.21,2018
905,"Santiago, Chile",51.95,54.35,51.08,61.57,60.86,9.87,50.6,79.29,-,2014
906,"Sao Paulo, Brazil",7.01,46.67,38.44,55.83,98.91,12.19,31.5,101.49,-,2012
907,"Sao Paulo, Brazil",31.71,44.18,33.69,63.79,83.43,14.38,31.14,73.62,-,2013
908,"Sao Paulo, Brazil",76.62,40.03,27.59,53.15,56.83,20.74,48.91,84.96,99.17,2018
909,"Sao Paulo, Brazil",78.76,39.4,28.15,55.09,46.73,20.62,51.42,82.67,99.04,2019
910,"Sao Paulo, Brazil",5.58,44.79,26.11,50.81,61.83,16.63,49.19,78.99,-,2015
911,"Sao Paulo, Brazil",14.05,44.96,27.76,55.69,70.78,15.44,48.18,75.46,-,2014
912,"Sao Paulo, Brazil",85.67,42.51,27.81,54.62,57.86,18.75,46.1,86.08,87.34,2017
913,"Sao Paulo, Brazil",84.0,45.09,24.1,53.41,42.9,20.67,46.19,90.22,90.06,2016
914,"Sarajevo, Bosnia And Herzegovina",108.09,45.32,48.9,51.36,39.11,14.05,28.69,73.18,78.18,2019
915,"Sarajevo, Bosnia And Herzegovina",123.68,48.9,51.5,63.02,37.63,12.97,27.89,70.45,69.15,2017
916,"Sarajevo, Bosnia And Herzegovina",131.8,58.85,49.05,63.1,35.97,12.65,23.27,69.53,72.67,2016
917,"Sarajevo, Bosnia And Herzegovina",113.52,48.89,53.25,54.66,42.5,13.3,30.4,70.87,76.41,2018
918,"Seattle, WA, United States",187.86,144.6,56.29,70.81,88.04,4.96,44.78,31.3,91.69,2018
919,"Seattle, WA, United States",188.21,139.2,55.32,72.51,84.16,6.16,42.99,27.96,91.73,2019
920,"Seattle, WA, United States",196.09,147.45,59.54,73.0,83.22,5.89,35.4,26.39,71.92,2016
921,"Seattle, WA, United States",177.79,119.76,60.53,73.25,90.54,6.0,43.38,31.38,74.09,2017
922,"Seattle, WA, United States",179.34,115.27,59.66,67.87,91.63,4.38,42.5,31.28,-,2014
923,"Seattle, WA, United States",193.55,124.49,53.99,66.59,90.71,4.13,39.9,23.38,-,2015
924,"Seoul, South Korea",160.16,90.86,76.2,86.96,79.77,17.82,34.24,37.48,53.64,2017
925,"Seoul, South Korea",177.47,116.87,85.72,81.54,78.33,16.64,31.44,35.35,53.67,2016
926,"Seoul, South Korea",158.98,107.52,64.84,85.73,87.56,18.12,38.77,40.32,67.2,2018
927,"Seoul, South Korea",146.19,96.41,65.51,84.01,82.78,20.67,42.15,47.26,68.39,2019
928,"Seoul, South Korea",115.54,88.6,81.83,71.94,83.67,14.17,34.2,73.23,-,2015
929,"Seville (Sevilla), Spain",136.0,76.22,70.75,54.76,62.93,9.77,27.4,39.84,-,2015
930,"Shanghai, China",23.9,45.87,74.72,66.93,61.67,28.57,34.33,89.83,-,2014
931,"Shanghai, China",78.2,66.16,56.03,59.69,56.16,42.84,46.62,84.29,83.41,2018
932,"Shanghai, China",97.6,83.07,68.18,58.0,60.49,30.23,49.5,86.51,63.66,2016
933,"Shanghai, China",73.33,63.51,48.37,61.2,50.29,45.1,49.75,80.43,83.64,2019
934,"Shanghai, China",90.89,74.16,65.41,58.96,54.42,32.62,45.92,87.26,59.15,2017
935,"Shanghai, China",32.91,56.03,72.51,58.72,57.07,26.68,42.8,85.68,-,2015
936,"Shanghai, China",-76.15,40.91,56.25,34.72,58.29,37.05,31.2,140.25,-,2012
937,"Shanghai, China",34.99,49.54,83.49,78.7,70.44,28.63,34.33,93.01,-,2013
938,"Singapore, Singapore",83.83,64.02,80.22,59.9,101.3,23.0,48.1,45.01,-,2014
939,"Singapore, Singapore",67.96,60.64,80.04,58.82,104.86,25.38,51.78,49.5,-,2013
940,"Singapore, Singapore",103.75,73.25,84.19,62.91,97.87,21.76,44.31,43.85,-,2015
941,"Singapore, Singapore",93.09,110.5,84.19,69.06,83.67,23.17,43.43,38.83,-66.63,2016
942,"Singapore, Singapore",150.45,95.89,83.77,69.61,91.4,22.2,45.99,33.94,57.99,2018
943,"Singapore, Singapore",156.91,103.77,78.53,70.3,69.79,21.56,42.15,32.29,57.45,2019
944,"Singapore, Singapore",86.5,92.7,83.42,69.87,82.41,21.63,43.39,37.04,-71.47,2017
945,"Singapore, Singapore",87.08,91.24,79.79,58.97,101.03,17.16,66.25,70.83,-,2012
946,"Skopje, Macedonia",112.13,39.69,55.68,63.22,34.53,15.93,34.3,81.98,75.54,2017
947,"Skopje, Macedonia",113.6,46.04,57.73,64.19,34.78,16.04,44.08,80.59,78.81,2016
948,"Skopje, Macedonia",102.89,41.99,54.35,62.47,38.51,15.09,33.75,83.53,76.3,2018
949,"Skopje, Macedonia",105.46,40.38,55.19,58.89,34.38,14.65,28.22,82.62,76.3,2019
950,"Sofia, Bulgaria",61.51,41.96,54.24,59.91,51.59,9.57,37.91,67.68,-,2014
951,"Sofia, Bulgaria",134.23,57.21,54.44,53.96,37.65,9.26,29.87,60.97,69.85,2017
952,"Sofia, Bulgaria",68.83,44.76,51.06,59.47,44.92,9.44,36.27,62.96,-,2015
953,"Sofia, Bulgaria",127.34,61.3,55.71,54.15,40.17,8.87,30.16,66.1,76.01,2019
954,"Sofia, Bulgaria",137.56,65.96,50.85,53.14,37.6,8.87,31.44,58.33,70.99,2016
955,"Sofia, Bulgaria",125.65,60.66,55.41,52.53,43.11,9.57,32.99,62.77,74.65,2018
956,"Sofia, Bulgaria",30.03,37.21,51.56,58.15,56.14,10.47,26.33,94.58,-,2012
957,"Sofia, Bulgaria",53.17,42.58,51.74,51.43,51.36,9.69,23.4,77.58,-,2013
958,"Spokane, WA, United States",185.17,121.07,49.35,59.86,65.35,3.18,24.17,18.67,67.12,2019
959,"Stockholm, Sweden",160.24,101.95,54.22,68.0,83.42,15.36,39.35,16.27,55.44,2017
960,"Stockholm, Sweden",160.86,97.09,56.65,71.64,113.94,11.58,37.75,14.72,-,2014
961,"Stockholm, Sweden",166.05,84.85,73.44,85.65,118.21,11.36,30.67,20.0,-,2012
962,"Stockholm, Sweden",166.45,104.0,52.82,68.13,78.75,14.42,37.16,16.73,69.67,2019
963,"Stockholm, Sweden",180.51,130.34,57.02,71.11,83.5,14.63,39.91,11.35,60.55,2016
964,"Stockholm, Sweden",175.73,93.1,74.38,82.5,122.72,11.12,39.6,12.81,-,2013
965,"Stockholm, Sweden",174.12,105.62,54.02,69.44,89.15,11.88,35.56,12.38,-,2015
966,"Stockholm, Sweden",164.16,108.2,52.42,67.61,90.85,15.56,38.98,17.19,69.67,2018
967,"Stuttgart, Germany",181.75,121.8,74.78,71.98,66.6,10.05,32.05,41.15,81.07,2019
968,"Sydney, Australia",178.6,118.81,61.76,74.65,90.77,11.14,43.39,30.1,96.95,2018
969,"Sydney, Australia",174.77,109.23,59.76,72.0,86.03,12.4,42.3,28.68,84.56,2017
970,"Sydney, Australia",188.3,136.61,56.8,71.74,80.85,11.6,41.42,29.02,88.8,2016
971,"Sydney, Australia",159.61,104.9,59.22,70.5,100.42,8.76,42.79,30.95,-,2015
972,"Sydney, Australia",178.92,120.47,61.46,72.76,78.39,11.02,43.7,31.13,97.07,2019
973,"Sydney, Australia",162.95,100.4,67.2,71.27,135.92,9.16,48.08,18.93,-,2013
974,"Sydney, Australia",165.67,100.96,72.8,78.33,139.12,8.63,46.7,25.62,-,2012
975,"Sydney, Australia",165.6,101.08,62.18,69.03,111.84,8.7,43.47,20.13,-,2014
976,"Taipei, Taiwan",170.83,104.9,80.54,83.42,72.39,17.8,32.97,48.46,87.19,2018
977,"Taipei, Taiwan",165.08,119.79,84.24,84.69,66.23,15.63,31.45,47.74,35.2,2017
978,"Taipei, Taiwan",123.35,84.64,78.66,86.73,55.89,25.79,29.6,51.09,-,2015
979,"Taipei, Taiwan",139.63,57.09,84.14,85.38,63.09,32.23,31.5,49.9,84.38,2019
980,"Taipei, Taiwan",97.04,69.63,84.29,88.89,67.74,25.93,38.33,60.67,-,2013
981,"Taipei, Taiwan",162.06,126.06,80.25,86.29,56.67,26.02,26.42,43.37,32.93,2016
982,"Tallinn, Estonia",147.99,53.34,73.08,75.83,70.43,10.36,23.8,16.38,-,2013
983,"Tallinn, Estonia",175.51,75.29,79.48,70.65,52.8,9.65,28.56,22.23,64.28,2019
984,"Tallinn, Estonia",139.07,49.36,70.43,71.38,64.82,11.87,23.0,15.61,-,2015
985,"Tallinn, Estonia",169.3,74.02,79.54,69.16,60.51,9.91,36.86,21.83,63.61,2018
986,"Tallinn, Estonia",165.57,68.76,76.98,68.42,51.37,11.42,28.52,21.16,44.56,2017
987,"Tallinn, Estonia",140.7,48.06,68.91,74.54,69.59,12.54,25.5,9.57,-,2014
988,"Tallinn, Estonia",174.62,78.76,73.79,67.43,50.52,11.38,20.27,17.0,44.42,2016
989,"Tampa, FL, United States",182.85,123.8,52.2,66.69,70.46,3.18,36.33,28.93,84.67,2019
990,"Tampa, FL, United States",176.22,100.2,55.39,68.82,75.75,3.75,32.08,23.27,62.74,2017
991,"Tbilisi, Georgia",117.95,34.58,80.24,52.67,28.47,12.89,36.09,77.04,84.2,2019
992,"Tbilisi, Georgia",126.24,30.75,77.8,56.76,29.57,15.74,34.7,74.64,82.21,2016
993,"Tbilisi, Georgia",60.74,26.79,78.58,62.59,40.18,14.44,38.0,65.37,-,2015
994,"Tbilisi, Georgia",117.54,35.61,80.19,55.22,29.73,12.81,39.6,76.87,83.8,2018
995,"Tbilisi, Georgia",124.39,32.22,80.04,52.58,27.99,12.54,39.1,78.98,81.57,2017
996,"Tbilisi, Georgia",11.92,28.56,80.43,68.98,54.88,45.33,20.0,64.83,-,2013
997,"Tehran, Iran",-19.58,31.17,42.97,48.05,48.29,23.59,59.83,85.24,-,2015
998,"Tehran, Iran",85.34,39.85,44.56,52.24,42.14,15.29,55.31,87.22,71.48,2017
999,"Tehran, Iran",-28.84,29.6,38.23,46.55,52.65,23.75,61.0,86.85,-,2014
1000,"Tehran, Iran",82.39,43.28,46.21,52.23,37.8,13.85,54.48,85.84,69.54,2018
1001,"Tehran, Iran",87.24,47.08,42.87,48.25,44.27,15.57,53.78,87.48,74.61,2016
1002,"Tehran, Iran",-17.01,32.9,45.84,43.98,61.52,19.29,61.0,89.9,-,2013
1003,"Tehran, Iran",75.3,34.47,45.99,51.52,39.63,19.22,53.51,83.72,70.99,2019
1004,"Tehran, Iran",-50.44,47.52,43.27,43.4,60.86,13.72,73.5,140.75,-,2012
1005,"Tel Aviv-Yafo, Israel",151.55,92.22,68.57,76.41,81.06,18.9,42.33,51.53,80.9,2016
1006,"Tel Aviv-Yafo, Israel",101.56,71.59,67.77,78.56,85.54,15.89,43.62,54.44,-,2015
1007,"Tel Aviv-Yafo, Israel",147.36,101.36,59.63,74.27,90.36,21.82,40.57,49.25,93.83,2018
1008,"Tel Aviv-Yafo, Israel",153.09,86.31,68.99,72.6,78.46,20.43,37.74,43.66,93.88,2019
1009,"Tel Aviv-Yafo, Israel",150.17,90.0,68.67,75.63,80.11,18.28,40.19,52.95,78.56,2017
1010,"The Hague (Den Haag), Netherlands",181.01,93.16,70.58,78.68,76.41,7.32,42.0,25.89,90.61,2019
1011,"Thessaloniki, Greece",96.01,43.27,67.57,69.41,83.97,11.66,20.5,47.28,-,2014
1012,"Thessaloniki, Greece",135.18,48.72,65.83,61.27,64.94,9.52,24.26,64.57,88.39,2018
1013,"Thessaloniki, Greece",131.87,47.68,65.05,56.19,56.49,10.74,26.19,63.27,88.39,2019
1014,"Thessaloniki, Greece",150.11,50.44,66.11,67.22,55.88,9.11,24.56,62.96,89.07,2017
1015,"Thessaloniki, Greece",176.15,82.69,68.85,75.81,52.04,6.15,22.83,57.92,89.81,2016
1016,"Thessaloniki, Greece",70.83,44.58,58.36,61.94,87.4,11.79,20.5,62.19,-,2013
1017,"Thessaloniki, Greece",119.46,50.93,67.75,77.07,66.62,9.98,17.0,44.02,-,2015
1018,"Thessaloniki, Greece",26.77,39.04,50.52,53.97,105.78,11.24,22.5,87.25,-,2012
1019,"Timisoara, Romania",166.14,67.5,76.8,58.79,33.16,10.68,16.88,51.93,75.2,2016
1020,"Timisoara, Romania",151.54,49.71,76.82,63.04,35.38,11.96,21.0,58.68,73.37,2017
1021,"Timisoara, Romania",146.23,59.09,76.66,65.99,41.62,10.27,25.13,62.96,80.5,2018
1022,"Timisoara, Romania",144.87,53.69,74.82,64.19,37.26,11.4,25.73,58.57,82.05,2019
1023,"Tokyo, Japan",168.07,106.42,83.14,79.03,93.81,13.78,43.64,46.87,85.64,2018
1024,"Tokyo, Japan",165.99,113.5,79.7,77.73,85.09,25.97,48.52,34.86,80.29,2016
1025,"Tokyo, Japan",171.18,102.66,83.49,80.65,88.45,13.39,40.61,44.65,85.26,2019
1026,"Tokyo, Japan",170.5,96.79,76.99,85.03,85.41,8.66,44.15,35.07,-,2015
1027,"Tokyo, Japan",147.86,86.15,86.09,71.53,124.0,10.66,50.3,32.35,-,2013
1028,"Tokyo, Japan",159.93,93.46,80.47,78.7,104.2,7.89,47.64,37.8,-,2014
1029,"Tokyo, Japan",136.19,92.5,93.94,95.37,140.78,17.77,46.5,52.5,-,2012
1030,"Tokyo, Japan",136.41,98.6,80.36,75.51,90.97,19.88,44.19,43.8,31.91,2017
1031,"Toronto, Canada",161.15,103.5,68.34,70.55,81.74,9.04,42.85,38.02,-,2015
1032,"Toronto, Canada",151.16,87.38,64.37,74.84,80.68,13.07,42.53,37.94,65.35,2019
1033,"Toronto, Canada",171.72,115.94,65.06,72.59,70.3,8.5,42.37,41.48,70.35,2017
1034,"Toronto, Canada",171.06,97.76,72.6,66.11,99.5,7.92,35.14,25.9,-,2013
1035,"Toronto, Canada",177.69,138.99,66.39,68.98,65.86,9.78,43.73,44.56,71.65,2016
1036,"Toronto, Canada",162.56,106.83,64.6,74.34,75.22,10.66,42.59,37.73,67.25,2018
1037,"Toronto, Canada",159.07,105.78,68.23,70.56,106.58,7.65,38.09,42.5,-,2012
1038,"Toronto, Canada",171.6,101.75,71.34,70.87,89.22,7.96,40.11,30.27,-,2014
1039,"Trieste, Italy",169.48,86.19,82.26,73.46,85.24,5.47,20.0,42.15,-,2015
1040,"Trondheim, Norway",187.7,95.2,78.19,81.71,181.02,6.27,19.25,13.62,-,2012
1041,"Trondheim, Norway",188.01,93.89,80.2,81.67,174.38,6.74,20.67,13.19,-,2013
1042,"Trondheim, Norway",192.96,92.49,80.2,84.81,152.89,6.88,19.14,13.19,-,2014
1043,"Trondheim, Norway",199.33,113.74,79.81,81.36,108.05,7.92,18.89,11.01,55.41,2016
1044,"Trondheim, Norway",192.19,93.45,81.69,86.24,119.93,7.65,19.14,21.8,-,2015
1045,"Tucson, AZ, United States",175.03,115.99,48.47,59.18,67.99,2.62,32.16,27.0,72.66,2019
1046,"Tucson, AZ, United States",186.0,138.07,47.38,59.27,63.0,2.34,33.13,23.45,72.66,2018
1047,"Turin, Italy",129.74,79.05,42.69,67.22,68.64,9.02,30.31,71.44,85.66,2019
1048,"Turin, Italy",140.48,99.57,40.46,68.55,68.12,12.32,27.7,78.78,90.63,2016
1049,"Turin, Italy",64.53,73.02,36.02,67.59,80.51,11.71,32.5,78.53,-,2015
1050,"Turin, Italy",133.75,80.05,45.04,66.53,65.01,10.42,29.0,75.74,82.03,2017
1051,"Turin, Italy",133.55,85.62,43.69,69.89,74.94,8.32,27.44,74.49,86.08,2018
1052,"Ulaanbaatar, Mongolia",13.5,28.04,53.13,43.06,63.07,13.0,26.67,88.97,-,2013
1053,"Ulaanbaatar, Mongolia",-39.46,23.41,29.75,27.23,52.57,19.07,36.86,96.71,-,2015
1054,"Ulaanbaatar, Mongolia",-27.1,25.38,33.77,27.23,58.05,15.7,36.86,94.98,-,2014
1055,"Valencia, Spain",160.6,80.57,73.24,80.0,65.44,9.35,23.0,36.61,-,2015
1056,"Valencia, Spain",178.01,86.91,69.84,82.1,54.06,7.66,27.1,43.76,93.84,2019
1057,"Valencia, Spain",172.7,90.71,57.85,83.44,60.33,7.07,32.0,42.37,94.37,2018
1058,"Vancouver, Canada",169.41,96.77,64.04,72.73,75.59,16.02,41.25,25.02,91.43,2018
1059,"Vancouver, Canada",177.37,91.28,64.19,73.31,72.7,13.12,43.32,25.53,91.56,2017
1060,"Vancouver, Canada",193.63,121.65,61.11,70.36,65.01,11.32,40.0,22.6,91.32,2016
1061,"Vancouver, Canada",159.16,91.55,64.68,81.09,98.11,9.93,40.75,26.58,-,2014
1062,"Vancouver, Canada",155.68,84.2,69.97,83.73,103.68,11.18,39.38,25.08,-,2013
1063,"Vancouver, Canada",171.25,91.45,63.71,73.76,67.88,16.18,37.32,23.17,91.15,2019
1064,"Vancouver, Canada",166.34,94.7,63.37,75.19,90.19,9.61,41.25,20.6,-,2015
1065,"Vancouver, Canada",133.65,95.55,61.65,84.72,110.81,10.42,40.0,52.5,-,2012
1066,"Varna, Bulgaria",137.25,48.85,68.24,60.89,38.52,8.96,30.28,61.76,85.08,2019
1067,"Victoria, Canada",202.78,118.14,65.63,67.9,73.78,5.38,27.3,12.5,75.35,2017
1068,"Victoria, Canada",208.65,131.38,63.5,72.9,68.57,5.65,30.2,13.44,77.22,2016
1069,"Victoria, Canada",197.09,112.52,67.08,68.18,75.47,6.54,32.07,14.17,92.52,2018
1070,"Victoria, Canada",194.79,99.83,68.01,72.13,67.22,7.74,27.05,16.28,92.52,2019
1071,"Victoria, Canada",185.14,102.08,56.84,72.02,84.89,6.33,31.75,15.06,-,2015
1072,"Victoria, Canada",182.6,97.24,57.55,79.63,93.07,6.42,31.67,15.34,-,2013
1073,"Vienna, Austria",188.6,98.88,77.38,77.96,78.64,14.08,26.03,18.97,80.35,2018
1074,"Vienna, Austria",195.97,119.81,71.96,78.8,65.87,16.72,26.28,21.17,75.37,2016
1075,"Vienna, Austria",169.65,94.09,70.09,77.78,90.16,12.51,25.33,25.18,-,2014
1076,"Vienna, Austria",195.78,98.5,78.19,81.05,68.59,13.68,25.55,18.97,75.37,2017
1077,"Vienna, Austria",193.07,98.23,77.45,79.05,69.12,12.73,24.76,16.99,80.35,2019
1078,"Vienna, Austria",178.28,100.22,69.48,80.79,77.02,13.3,24.86,25.02,-,2015
1079,"Vilnius, Lithuania",136.71,54.06,67.56,69.6,47.24,15.33,29.76,25.8,20.64,2017
1080,"Vilnius, Lithuania",153.47,56.97,69.1,68.27,54.26,14.5,28.63,28.34,65.88,2018
1081,"Vilnius, Lithuania",158.85,60.43,70.82,66.75,48.26,13.24,28.37,26.05,66.59,2019
1082,"Vilnius, Lithuania",130.05,43.84,70.83,72.99,61.2,13.61,25.71,16.08,-,2014
1083,"Vilnius, Lithuania",141.38,62.2,62.03,69.22,46.75,13.16,29.89,25.44,24.42,2016
1084,"Vilnius, Lithuania",120.33,46.95,70.82,70.19,53.85,13.41,31.33,26.57,-,2015
1085,"Vilnius, Lithuania",132.57,44.67,72.07,77.31,61.81,13.74,33.5,13.22,-,2013
1086,"Warsaw, Poland",111.19,71.15,69.25,58.25,48.04,11.49,36.61,55.14,-,2015
1087,"Warsaw, Poland",144.58,73.97,73.41,62.64,42.64,12.14,36.31,55.62,74.61,2019
1088,"Warsaw, Poland",143.52,77.31,66.55,61.35,48.31,11.38,38.37,51.92,74.39,2018
1089,"Warsaw, Poland",94.04,63.5,65.56,55.16,58.61,12.47,37.5,55.79,-,2014
1090,"Warsaw, Poland",95.46,64.39,67.97,63.33,59.17,12.67,43.29,57.75,-,2013
1091,"Warsaw, Poland",153.06,85.41,73.67,61.57,40.75,12.37,36.6,53.16,63.39,2016
1092,"Warsaw, Poland",151.61,74.32,73.85,60.84,40.79,11.81,38.59,46.94,62.36,2017
1093,"Warsaw, Poland",51.96,62.54,60.57,49.19,57.41,14.25,46.25,82.5,-,2012
1094,"Washington, DC, United States",166.58,126.08,42.72,71.58,91.99,4.85,41.63,39.26,81.62,2019
1095,"Washington, DC, United States",163.31,120.62,42.5,70.41,91.94,5.44,43.88,38.22,83.11,2018
1096,"Wellington, New Zealand",194.66,99.06,70.34,67.86,100.09,4.71,28.33,12.47,-,2015
1097,"Wellington, New Zealand",213.66,120.31,70.15,69.53,77.3,5.81,25.07,11.15,87.79,2017
1098,"Wellington, New Zealand",209.58,118.04,68.86,66.01,80.16,6.09,26.5,10.69,88.06,2016
1099,"Wellington, New Zealand",185.75,91.81,69.22,73.52,104.28,5.31,27.5,14.52,-,2014
1100,"Wellington, New Zealand",201.96,107.79,71.02,72.85,72.36,7.32,27.33,15.21,97.68,2019
1101,"Wellington, New Zealand",208.39,118.59,70.08,71.42,80.87,5.87,26.63,11.86,97.6,2018
1102,"Winnipeg, Canada",147.68,107.75,44.61,68.47,60.44,4.91,32.36,39.3,24.67,2019
1103,"Winnipeg, Canada",146.65,114.61,45.7,67.12,71.22,3.95,33.35,44.73,26.04,2018
1104,"Winnipeg, Canada",149.41,93.8,43.04,66.9,75.65,6.18,34.83,30.21,-,2015
1105,"Winnipeg, Canada",137.94,87.99,48.37,66.41,70.21,5.21,32.15,40.3,28.37,2017
1106,"Winnipeg, Canada",163.15,133.14,48.52,71.01,63.64,4.38,29.38,36.66,26.94,2016
1107,"Wroclaw, Poland",93.13,56.11,65.42,57.6,54.42,10.99,35.86,55.06,-,2014
1108,"Wroclaw, Poland",141.97,80.07,65.89,56.67,38.76,10.16,44.71,56.57,64.61,2016
1109,"Wroclaw, Poland",90.73,51.22,65.62,56.02,57.45,13.5,33.4,47.53,-,2013
1110,"Wroclaw, Poland",137.75,74.19,58.75,57.83,46.27,9.16,35.13,58.63,78.03,2018
1111,"Wroclaw, Poland",141.01,67.54,70.04,61.85,41.02,10.2,33.2,61.49,78.39,2019
1112,"Wroclaw, Poland",105.35,63.64,66.84,57.3,44.14,10.07,42.62,51.8,-,2015
1113,"Wroclaw, Poland",135.25,69.21,64.36,56.19,38.37,9.73,41.41,60.26,62.41,2017
1114,"Yekaterinburg, Russia",77.86,50.08,48.8,65.17,38.75,11.74,33.33,78.02,-8.93,2017
1115,"Yekaterinburg, Russia",96.75,48.0,51.57,62.74,34.33,11.19,33.24,73.8,21.33,2019
1116,"Yekaterinburg, Russia",95.25,52.61,50.05,68.63,42.05,10.47,38.12,77.39,21.17,2018
1117,"Yerevan, Armenia",117.0,32.52,70.12,49.54,34.12,14.52,28.96,59.27,63.11,2018
1118,"Yerevan, Armenia",50.77,28.13,68.52,48.33,41.39,13.01,26.09,70.57,-,2015
1119,"Yerevan, Armenia",124.18,33.28,70.82,51.67,34.6,14.67,28.89,60.15,61.87,2017
1120,"Yerevan, Armenia",122.13,33.68,77.63,47.89,32.63,14.98,27.88,57.42,63.42,2019
1121,"Zagreb, Croatia",159.94,70.89,68.53,63.75,48.97,12.26,33.7,37.61,71.58,2016
1122,"Zagreb, Croatia",82.77,48.69,67.71,52.78,72.55,16.0,35.33,43.92,-,2013
1123,"Zagreb, Croatia",158.15,64.19,73.99,65.48,58.0,11.47,33.46,35.85,81.58,2018
1124,"Zagreb, Croatia",164.21,67.14,71.39,68.05,48.57,11.12,31.34,36.35,70.35,2017
1125,"Zagreb, Croatia",112.07,53.94,67.43,63.72,60.33,12.24,30.0,37.76,-,2015
1126,"Zagreb, Croatia",162.04,64.64,75.68,65.5,51.12,11.49,33.75,32.48,81.82,2019
1127,"Zagreb, Croatia",102.87,49.88,67.39,62.5,71.35,13.84,33.86,34.93,-,2014
1128,"Zurich, Switzerland",204.42,139.94,81.73,75.0,126.87,9.46,33.63,15.94,81.48,2019
1129,"Zurich, Switzerland",202.37,142.7,80.99,74.74,141.25,9.87,35.59,16.05,82.16,2018
1130,"Zurich, Switzerland",233.72,145.55,84.65,78.33,159.91,7.94,25.75,18.76,-,2013
1131,"Zurich, Switzerland",218.48,133.91,80.34,71.35,141.06,8.07,26.44,18.79,-,2015
1132,"Zurich, Switzerland",213.07,184.86,80.25,70.78,130.99,10.56,31.12,12.42,62.58,2016
1133,"Zurich, Switzerland",213.18,136.31,83.85,77.78,166.07,8.27,27.33,26.5,-,2012
1134,"Zurich, Switzerland",192.05,134.5,81.86,73.64,130.04,10.39,33.77,14.06,61.05,2017
1135,"Zurich, Switzerland",208.21,124.64,78.9,75.61,157.47,8.69,24.8,17.14,-,2014
